"68665704","68665711"
"68665728","68665759"
"68666240","68666247"
"68666880","68667135"
"201721664","201721695"
"201722112","201722367"
"201797824","201797887"
"201798400","201798655"
"201897112","201897119"
"201899264","201899519"
"201978064","201978071"
"202041640","202041647"
"202041696","202041727"
"202295552","202295615"
"202295616","202295647"
"202295656","202295663"
"202295776","202295791"
"202541056","202541183"
"202552576","202552607"
"202585856","202586111"
"202769656","202769663"
"202789488","202789495"
"202853376","202853631"
"202909216","202909231"
"202911744","202912511"
"202912768","202913023"
"202914616","202914623"
"203450368","203450383"
"203450384","203450399"
"203450432","203450439"
"203450464","203450495"
"203450496","203450511"
"203489400","203489407"
"203530752","203531007"
"203710496","203710503"
"203710520","203710543"
"203710544","203710559"
"203710560","203710575"
"203710576","203710591"
"203710592","203710623"
"203710624","203710631"
"203710840","203710847"
"203710976","203710983"
"203711072","203711103"
"203711104","203711359"
"203711384","203711391"
"203711408","203711415"
"203711416","203711423"
"203711424","203711431"
"203711432","203711439"
"203711440","203711455"
"203711456","203711463"
"203711488","203711999"
"203712000","203712255"
"203712256","203712511"
"203712560","203712567"
"203712568","203712575"
"203712624","203712631"
"203712640","203712767"
"203712768","203713023"
"203713024","203713279"
"203713296","203713303"
"203713344","203713407"
"203713408","203713535"
"203713664","203713791"
"203713984","203714047"
"203714304","203714431"
"203714440","203714447"
"203714464","203714495"
"203714496","203714527"
"203714528","203714535"
"203714544","203714551"
"203714552","203714559"
"203781784","203781791"
"203889312","203889327"
"204118400","204118527"
"204128576","204128591"
"204242736","204242751"
"204248896","204248959"
"204452880","204452887"
"204558976","204559039"
"204592920","204592927"
"204593344","204593351"
"204594544","204594551"
"204817904","204817911"
"208186752","208186815"
"208199680","208199695"
"208199712","208199719"
"208199728","208199743"
"208199744","208199807"
"208199832","208199839"
"208199856","208199871"
"208199872","208199935"
"208199960","208199967"
"208200096","208200103"
"208200112","208200127"
"208200192","208200447"
"208200448","208200831"
"208200960","208201215"
"208201472","208201727"
"208201728","208202751"
"208202752","208203007"
"208203008","208203263"
"208203264","208203775"
"208266112","208266175"
"208266480","208266487"
"208291968","208292095"
"208523136","208523263"
"208642144","208642151"
"210899192","210899199"
"210927952","210927959"
"211224576","211224703"
"211335880","211335887"
"211362440","211362447"
"211491904","211491967"
"211530936","211530943"
"211611904","211612031"
"211645760","211645767"
"212134144","212134399"
"212172800","212173055"
"212326080","212326143"
"212379392","212379399"
"212496000","212496127"
"212706816","212707071"
"212915008","212915015"
"212931888","212931895"
"213073512","213073519"
"213106432","213106559"
"213123896","213123903"
"213194360","213194367"
"213390864","213390879"
"213522432","213522559"
"213810688","213810815"
"213818368","213818879"
"213849088","213849599"
"213894144","213894271"
"213902080","213902207"
"213979520","213979583"
"214107648","214108159"
"214402304","214402343"
"215685664","215685695"
"216313856","216315903"
"216542136","216542143"
"216671488","216671551"
"300470784","300471039"
"404348928","404350975"
"404350976","404351231"
"404351232","404351487"
"404351488","404351743"
"404351744","404351999"
"404352000","404352255"
"404352256","404352511"
"404352512","404352767"
"404352768","404353023"
"404353024","404353279"
"404353280","404353535"
"404353536","404354047"
"404354048","404354559"
"404354560","404354815"
"404354816","404355071"
"404355072","404355327"
"404355328","404355583"
"404355584","404355839"
"404355840","404356095"
"404356096","404356607"
"404356608","404357119"
"405523456","405523711"
"405523712","405523967"
"405523968","405524223"
"405524224","405524479"
"405524480","405524735"
"405527008","405527028"
"405527029","405527029"
"405527030","405527039"
"405528064","405528319"
"405530112","405530367"
"405532160","405532415"
"408829952","408830207"
"408830208","408830463"
"408830464","408830719"
"408830720","408830975"
"408830976","408831231"
"408831232","408831487"
"408831488","408831743"
"408831744","408831999"
"408832000","408833023"
"408833024","408833535"
"408833536","408833791"
"408833792","408834047"
"408834048","408834815"
"408834816","408835071"
"408835072","408835583"
"408835584","408835839"
"408835840","408836095"
"408836096","408836607"
"408836608","408836863"
"408836864","408837119"
"408837120","408837887"
"408837888","408838143"
"413237248","413238527"
"413238528","413238783"
"413238784","413239295"
"413239296","413239807"
"413239808","413240063"
"413240064","413240319"
"413240320","413240575"
"413240576","413241343"
"413241344","413241599"
"413241600","413241855"
"413241856","413242111"
"413242112","413243391"
"413243392","413243647"
"413243648","413244159"
"413244160","413245439"
"413474816","413475071"
"413475072","413475327"
"413475328","413475839"
"413475840","413476607"
"413476608","413476863"
"413476864","413477887"
"413477888","413478143"
"413478144","413478399"
"413478400","413478655"
"413478656","413478911"
"413478912","413479679"
"413479680","413479935"
"413479936","413480191"
"413480192","413480447"
"413480448","413480959"
"413480960","413481471"
"413481472","413481983"
"413481984","413482495"
"413482496","413482751"
"413482752","413483007"
"548151296","548157439"
"548157440","548159487"
"842531718","842531719"
"842534356","842534359"
"842535112","842535119"
"842541096","842541099"
"846266368","846268927"
"846268928","846269439"
"846269440","846270463"
"1061250288","1061250295"
"1061750784","1061750815"
"1061773632","1061773695"
"1061778688","1061778943"
"1062005696","1062005759"
"1062233904","1062233919"
"1062258944","1062259199"
"1062298144","1062298159"
"1062325144","1062325151"
"1062388680","1062388687"
"1062427456","1062427463"
"1062433872","1062433887"
"1062525216","1062525247"
"1063940608","1063940863"
"1064197376","1064197631"
"1064474752","1064474767"
"1067464192","1067464447"
"1067477120","1067477183"
"1067567616","1067567871"
"1067701248","1067701503"
"1067771216","1067771223"
"1067779584","1067779839"
"1067798528","1067798783"
"1067874304","1067874335"
"1067917312","1067917567"
"1067922944","1067923071"
"1067923384","1067923391"
"1067930880","1067931135"
"1067932416","1067932671"
"1067936768","1067937023"
"1067950304","1067950335"
"1067951768","1067951775"
"1068017408","1068017663"
"1068028032","1068028095"
"1068067328","1068067583"
"1068077528","1068077535"
"1068155136","1068155391"
"1068177536","1068177599"
"1068198784","1068198847"
"1068235328","1068235391"
"1068332032","1068332287"
"1068414720","1068414975"
"1068431616","1068431871"
"1068450560","1068450815"
"1068486912","1068487167"
"1068694272","1068694527"
"1072759856","1072759871"
"1072760384","1072760399"
"1072765256","1072765263"
"1072774272","1072774399"
"1074601472","1074601983"
"1074610176","1074610431"
"1074610432","1074610687"
"1074610688","1074611199"
"1075658752","1075661823"
"1075661824","1075662079"
"1075662080","1075662335"
"1075662336","1075662591"
"1075662592","1075662847"
"1075662848","1075666943"
"1076304432","1076304439"
"1077007872","1077007879"
"1077014176","1077014191"
"1077014224","1077014239"
"1077852160","1077852415"
"1077856480","1077856487"
"1078018048","1078018303"
"1078018304","1078018559"
"1078018560","1078020095"
"1078020096","1078022143"
"1078022144","1078023167"
"1078023168","1078024191"
"1078024192","1078024959"
"1078024960","1078025215"
"1078025216","1078025471"
"1078025472","1078025727"
"1078025728","1078026239"
"1078026240","1078028287"
"1078028288","1078029311"
"1078029312","1078029823"
"1078029824","1078030335"
"1078030336","1078034431"
"1078689792","1078689807"
"1078689808","1078689815"
"1078689816","1078689823"
"1078689824","1078689839"
"1078689840","1078689847"
"1078689848","1078689855"
"1078689856","1078689919"
"1078689920","1078689983"
"1078689984","1078689991"
"1078689992","1078689999"
"1078690000","1078690007"
"1078690008","1078690079"
"1078690080","1078690087"
"1078690088","1078690095"
"1078690096","1078690103"
"1078690104","1078690111"
"1078690112","1078690119"
"1078690120","1078690127"
"1078690128","1078690143"
"1078690144","1078690159"
"1078690160","1078690167"
"1078690168","1078690239"
"1078690240","1078690247"
"1078690248","1078690255"
"1078690256","1078690263"
"1078690264","1078690271"
"1078690272","1078690279"
"1078690280","1078690287"
"1078690288","1078690295"
"1078690296","1078690303"
"1078690304","1078690431"
"1078690432","1078690463"
"1078690464","1078690479"
"1078690480","1078690487"
"1078690488","1078690495"
"1078690496","1078690527"
"1078690528","1078690559"
"1078690624","1078690815"
"1078690816","1078690943"
"1078690944","1078691071"
"1078691072","1078691327"
"1078691328","1078691583"
"1078691584","1078691647"
"1078691648","1078691711"
"1078691712","1078691775"
"1078691776","1078691839"
"1078691840","1078691871"
"1078691872","1078691895"
"1078691896","1078691903"
"1078691904","1078691911"
"1078691912","1078691919"
"1078691920","1078691935"
"1078691936","1078691967"
"1078691976","1078691983"
"1078691984","1078691991"
"1078691992","1078691999"
"1078692000","1078692015"
"1078692016","1078692095"
"1078692096","1078692103"
"1078692104","1078692143"
"1078692144","1078692151"
"1078692152","1078692175"
"1078692176","1078692183"
"1078692184","1078692191"
"1078692192","1078692199"
"1078692200","1078692207"
"1078692208","1078692215"
"1078692216","1078692223"
"1078692224","1078692231"
"1078692232","1078692255"
"1078692256","1078692263"
"1078692264","1078692279"
"1078692280","1078692287"
"1078692288","1078692311"
"1078692312","1078692319"
"1078692320","1078692343"
"1078692344","1078692351"
"1078692352","1078692607"
"1078692608","1078692623"
"1078692624","1078692639"
"1078692640","1078692759"
"1078692760","1078692775"
"1078692776","1078692783"
"1078692784","1078692791"
"1078692792","1078692799"
"1078692800","1078692807"
"1078692808","1078692815"
"1078692816","1078692823"
"1078692824","1078692831"
"1078692832","1078692847"
"1078692848","1078692855"
"1078692856","1078692863"
"1078692864","1078694143"
"1078694144","1078694399"
"1078694400","1078697471"
"1078697472","1078697727"
"1078697728","1078697983"
"1078697984","1078698287"
"1078698288","1078698295"
"1078698296","1078698415"
"1078698416","1078698423"
"1078698424","1078698495"
"1078698496","1078698751"
"1078698752","1078698879"
"1078698880","1078698943"
"1078698944","1078698975"
"1078698976","1078699071"
"1078699072","1078699079"
"1078699080","1078699087"
"1078699088","1078699103"
"1078699104","1078699111"
"1078699112","1078699127"
"1078699128","1078699135"
"1078699136","1078699143"
"1078699144","1078699159"
"1078699160","1078699215"
"1078699216","1078699231"
"1078699232","1078699279"
"1078699280","1078699287"
"1078699288","1078699295"
"1078699296","1078699351"
"1078699352","1078699359"
"1078699360","1078699391"
"1078699392","1078699519"
"1078699520","1078699679"
"1078699680","1078699711"
"1078699712","1078699719"
"1078699720","1078699727"
"1078699728","1078699735"
"1078699744","1078699751"
"1078699752","1078699759"
"1078699760","1078699767"
"1078699768","1078699775"
"1078699776","1078700031"
"1078700032","1078700287"
"1078700288","1078700543"
"1078700544","1078700767"
"1078700768","1078700775"
"1078700776","1078700799"
"1078700800","1078700943"
"1078700944","1078700959"
"1078700960","1078700975"
"1078700976","1078700999"
"1078701000","1078701007"
"1078701008","1078701015"
"1078701016","1078701023"
"1078701024","1078701031"
"1078701032","1078701039"
"1078701040","1078701047"
"1078701048","1078701055"
"1078701056","1078701071"
"1078701072","1078701079"
"1078701080","1078701119"
"1078701120","1078701183"
"1078701184","1078701247"
"1078701248","1078701311"
"1078701312","1078701319"
"1078701320","1078701327"
"1078701328","1078701335"
"1078701336","1078701343"
"1078701344","1078701351"
"1078701352","1078701359"
"1078701360","1078701367"
"1078701368","1078701375"
"1078701376","1078701383"
"1078701384","1078701391"
"1078701392","1078701399"
"1078701400","1078701407"
"1078701408","1078701415"
"1078701416","1078701431"
"1078701432","1078701439"
"1078701440","1078701447"
"1078701448","1078701455"
"1078701456","1078701495"
"1078701496","1078701503"
"1078701504","1078701511"
"1078701512","1078701519"
"1078701520","1078701527"
"1078701528","1078701543"
"1078701544","1078701551"
"1078701552","1078701559"
"1078701560","1078701647"
"1078701648","1078701655"
"1078701656","1078701735"
"1078701736","1078701743"
"1078701744","1078701759"
"1078701760","1078701767"
"1078701768","1078701775"
"1078701776","1078701791"
"1078701792","1078701799"
"1078701800","1078701855"
"1078701856","1078701887"
"1078701888","1078701919"
"1078701920","1078702079"
"1078702080","1078702695"
"1078702704","1078702711"
"1078702712","1078702847"
"1078702848","1078703103"
"1078703104","1078703359"
"1078703360","1078703367"
"1078703368","1078703375"
"1078703376","1078703383"
"1078703384","1078703391"
"1078703392","1078703399"
"1078703400","1078703407"
"1078703408","1078703415"
"1078703416","1078703423"
"1078703424","1078703431"
"1078703432","1078703439"
"1078703440","1078703447"
"1078703448","1078703455"
"1078703456","1078703463"
"1078703464","1078703471"
"1078703472","1078703479"
"1078703480","1078703487"
"1078703488","1078703495"
"1078703496","1078703503"
"1078703504","1078703511"
"1078703512","1078703519"
"1078703520","1078703527"
"1078703528","1078703535"
"1078703536","1078703543"
"1078703544","1078703551"
"1078703552","1078703559"
"1078703560","1078703567"
"1078703568","1078703575"
"1078703576","1078703583"
"1078703584","1078703591"
"1078703592","1078703599"
"1078703600","1078703607"
"1078703608","1078703751"
"1078703752","1078703871"
"1078703872","1078704127"
"1078704128","1078705151"
"1078705152","1078705407"
"1078705472","1078705919"
"1078705920","1078705951"
"1078705952","1078705967"
"1078705968","1078706015"
"1078706016","1078706023"
"1078706024","1078706039"
"1078706040","1078706047"
"1078706048","1078706055"
"1078706056","1078706063"
"1078706064","1078706071"
"1078706072","1078706079"
"1078706080","1078706087"
"1078706088","1078706095"
"1078706096","1078706103"
"1078706104","1078706111"
"1078706112","1078706119"
"1078706120","1078706127"
"1078706128","1078706135"
"1078706136","1078706143"
"1078706144","1078706167"
"1078706168","1078706175"
"1078706176","1078706431"
"1078706432","1078706455"
"1078706456","1078706463"
"1078706464","1078706543"
"1078706544","1078706591"
"1078706592","1078706599"
"1078706600","1078706607"
"1078706608","1078706623"
"1078706624","1078706631"
"1078706632","1078706663"
"1078706664","1078706671"
"1078706672","1078706687"
"1078706688","1078707207"
"1078707208","1078707215"
"1078707216","1078707327"
"1078707328","1078707335"
"1078707336","1078707431"
"1078707432","1078707439"
"1078707440","1078707519"
"1078707520","1078707527"
"1078707528","1078707551"
"1078707552","1078707559"
"1078707560","1078707671"
"1078707672","1078707679"
"1078707680","1078707791"
"1078707792","1078707799"
"1078707800","1078707815"
"1078707816","1078707823"
"1078707824","1078707959"
"1078707960","1078707967"
"1078707968","1078707975"
"1078707976","1078708039"
"1078708040","1078708047"
"1078708048","1078708215"
"1078708216","1078708223"
"1078708224","1078708239"
"1078708240","1078708255"
"1078708256","1078708263"
"1078708264","1078708295"
"1078708296","1078708303"
"1078708304","1078708311"
"1078708312","1078708319"
"1078708320","1078708327"
"1078708328","1078708343"
"1078708344","1078708351"
"1078708352","1078708415"
"1078708416","1078708479"
"1078708480","1078708735"
"1078708736","1078708991"
"1078708992","1078709247"
"1078709248","1078709511"
"1078709512","1078709519"
"1078709520","1078709759"
"1078709760","1078709767"
"1078709768","1078709775"
"1078709776","1078709783"
"1078709784","1078709791"
"1078709792","1078709799"
"1078709800","1078709807"
"1078709808","1078709815"
"1078709816","1078709855"
"1078709856","1078709871"
"1078709872","1078709879"
"1078709880","1078709887"
"1078709888","1078709895"
"1078709896","1078709903"
"1078709904","1078709911"
"1078709912","1078709919"
"1078709920","1078709927"
"1078709928","1078709935"
"1078709936","1078709943"
"1078709944","1078709951"
"1078709952","1078709959"
"1078709960","1078709967"
"1078709968","1078709975"
"1078709976","1078709983"
"1078709984","1078709991"
"1078709992","1078709999"
"1078710000","1078710007"
"1078710008","1078710015"
"1078710016","1078710271"
"1078710272","1078710527"
"1078710528","1078710535"
"1078710536","1078710543"
"1078710544","1078710551"
"1078710552","1078710559"
"1078710560","1078710591"
"1078710592","1078710599"
"1078710600","1078710607"
"1078710608","1078710615"
"1078710616","1078710639"
"1078710640","1078710655"
"1078710656","1078710751"
"1078710752","1078710783"
"1078710784","1078710791"
"1078710792","1078710815"
"1078710816","1078710823"
"1078710824","1078711103"
"1078711104","1078711167"
"1078711168","1078711295"
"1078711296","1078711551"
"1078711552","1078711807"
"1078711808","1078712063"
"1078712064","1078712119"
"1078712120","1078712127"
"1078712128","1078712247"
"1078712248","1078712287"
"1078712288","1078712319"
"1078712448","1078712511"
"1078712512","1078712543"
"1078712544","1078712559"
"1078712560","1078712567"
"1078712568","1078712575"
"1078712576","1078712639"
"1078712640","1078712703"
"1078712704","1078712767"
"1078712768","1078712831"
"1078712832","1078712895"
"1078712896","1078712959"
"1078712960","1078713023"
"1078713024","1078713055"
"1078713056","1078713063"
"1078713064","1078713071"
"1078713072","1078713079"
"1078713080","1078713087"
"1078713088","1078713215"
"1078713216","1078713231"
"1078713232","1078713343"
"1078713344","1078713351"
"1078713352","1078713407"
"1078713408","1078713439"
"1078713440","1078713447"
"1078713448","1078713455"
"1078713456","1078713471"
"1078713472","1078713479"
"1078713480","1078713503"
"1078713504","1078713519"
"1078713520","1078713535"
"1078713536","1078713551"
"1078713552","1078713559"
"1078713560","1078713567"
"1078713568","1078713575"
"1078713576","1078713583"
"1078713584","1078713599"
"1078713600","1078713647"
"1078713648","1078713655"
"1078713656","1078713663"
"1078713664","1078713671"
"1078713672","1078713711"
"1078713712","1078713719"
"1078713720","1078713727"
"1078713728","1078713735"
"1078713736","1078713743"
"1078713744","1078713759"
"1078713760","1078713791"
"1078713792","1078713823"
"1078713824","1078713839"
"1078713840","1078713855"
"1078713864","1078713871"
"1078713872","1078713887"
"1078713888","1078713903"
"1078713904","1078713911"
"1078713912","1078713919"
"1078713920","1078713927"
"1078713928","1078713943"
"1078713944","1078713951"
"1078713952","1078713959"
"1078713960","1078713983"
"1078713984","1078713991"
"1078713992","1078714007"
"1078714008","1078714015"
"1078714016","1078714023"
"1078714024","1078714047"
"1078714048","1078714055"
"1078714056","1078714063"
"1078714064","1078714079"
"1078714080","1078714087"
"1078714088","1078714111"
"1078714112","1078714119"
"1078714120","1078714127"
"1078714128","1078714135"
"1078714136","1078714143"
"1078714144","1078714151"
"1078714152","1078714175"
"1078714176","1078714183"
"1078714184","1078714191"
"1078714192","1078714207"
"1078714208","1078714215"
"1078714216","1078714223"
"1078714224","1078714231"
"1078714232","1078714239"
"1078714240","1078714247"
"1078714248","1078714255"
"1078714256","1078714263"
"1078714264","1078714271"
"1078714272","1078714279"
"1078714280","1078714287"
"1078714288","1078714295"
"1078714296","1078714303"
"1078714304","1078714311"
"1078714312","1078714319"
"1078714320","1078714327"
"1078714328","1078714335"
"1078714336","1078714343"
"1078714344","1078714351"
"1078714352","1078714383"
"1078714384","1078714391"
"1078714392","1078714399"
"1078714400","1078714407"
"1078714408","1078714415"
"1078714416","1078714423"
"1078714424","1078714607"
"1078714608","1078714615"
"1078714616","1078715135"
"1078715136","1078715391"
"1078715392","1078715519"
"1078715520","1078715647"
"1078715648","1078715903"
"1078715904","1078716031"
"1078716032","1078716043"
"1078716045","1078716159"
"1078716160","1078716415"
"1078716416","1078716423"
"1078716424","1078716431"
"1078716432","1078716439"
"1078716440","1078716447"
"1078716448","1078716455"
"1078716456","1078716471"
"1078716472","1078716479"
"1078716480","1078716487"
"1078716488","1078716495"
"1078716496","1078716503"
"1078716504","1078716511"
"1078716512","1078716519"
"1078716520","1078716527"
"1078716536","1078716543"
"1078716544","1078716559"
"1078716560","1078716567"
"1078716568","1078716575"
"1078716576","1078716583"
"1078716584","1078716591"
"1078716592","1078716599"
"1078716600","1078716607"
"1078716608","1078716615"
"1078716616","1078716623"
"1078716624","1078716631"
"1078716632","1078716639"
"1078716640","1078716655"
"1078716656","1078716799"
"1078716800","1078716807"
"1078716808","1078716935"
"1078716936","1078716943"
"1078716944","1078716951"
"1078716952","1078716959"
"1078716968","1078716975"
"1078716976","1078716983"
"1078716984","1078716991"
"1078716992","1078716999"
"1078717000","1078717023"
"1078717024","1078717031"
"1078717032","1078717039"
"1078717040","1078717047"
"1078717048","1078717055"
"1078717056","1078717071"
"1078717072","1078717079"
"1078717080","1078717087"
"1078717088","1078717103"
"1078717104","1078717111"
"1078717112","1078717119"
"1078717120","1078717127"
"1078717128","1078717135"
"1078717136","1078717151"
"1078717152","1078717375"
"1078717376","1078717383"
"1078717384","1078717391"
"1078717392","1078717399"
"1078717400","1078717407"
"1078717408","1078717415"
"1078717416","1078717439"
"1078717696","1078718079"
"1078718080","1078718719"
"1078718752","1078718767"
"1078718768","1078718847"
"1078718848","1078718879"
"1078718880","1078718975"
"1078718976","1078719231"
"1078719232","1078719487"
"1078719488","1078719615"
"1078719616","1078719743"
"1078719744","1078719999"
"1078720000","1078720015"
"1078720016","1078720023"
"1078720024","1078720031"
"1078720032","1078720039"
"1078720040","1078720047"
"1078720048","1078720055"
"1078720056","1078720063"
"1078720064","1078720071"
"1078720072","1078720079"
"1078720080","1078720087"
"1078720088","1078720095"
"1078720096","1078720127"
"1078720128","1078720135"
"1078720136","1078720143"
"1078720144","1078720151"
"1078720152","1078720159"
"1078720160","1078720167"
"1078720168","1078720175"
"1078720176","1078720183"
"1078720184","1078720191"
"1078720192","1078720207"
"1078720208","1078720215"
"1078720216","1078720223"
"1078720224","1078720231"
"1078720232","1078720239"
"1078720240","1078720247"
"1078720248","1078720255"
"1078720256","1078720767"
"1078720768","1078720775"
"1078720776","1078720783"
"1078720784","1078720791"
"1078720792","1078720807"
"1078720808","1078720815"
"1078720816","1078720823"
"1078720824","1078720831"
"1078720832","1078720839"
"1078720840","1078720847"
"1078720848","1078720855"
"1078720856","1078720863"
"1078720864","1078720871"
"1078720872","1078720895"
"1078720896","1078720903"
"1078720904","1078720911"
"1078720912","1078720927"
"1078720928","1078720943"
"1078720944","1078720951"
"1078720952","1078720959"
"1078720960","1078720975"
"1078720976","1078720983"
"1078720984","1078720991"
"1078720992","1078720999"
"1078721000","1078721015"
"1078721016","1078721535"
"1078721536","1078721791"
"1078721792","1078722303"
"1078722304","1078722311"
"1078722312","1078722415"
"1078722416","1078722431"
"1078722432","1078722463"
"1078722464","1078722559"
"1078791872","1078791887"
"1078792960","1078792991"
"1078795688","1078795696"
"1080727592","1080727601"
"1080727622","1080727631"
"1080727662","1080727671"
"1080753984","1080754047"
"1081061376","1081065471"
"1082130432","1082130687"
"1082130688","1082130815"
"1082130944","1082131199"
"1082131456","1082131583"
"1082131712","1082131967"
"1082131968","1082132479"
"1082132480","1082132735"
"1082132992","1082133503"
"1082133504","1082133759"
"1082133760","1082134015"
"1082134400","1082134447"
"1082195968","1082196991"
"1082196992","1082197247"
"1082197248","1082197503"
"1082197504","1082198015"
"1082198016","1082198271"
"1082198272","1082199039"
"1082199040","1082199295"
"1082199296","1082199551"
"1082396160","1082396288"
"1082396296","1082396303"
"1082396304","1082396319"
"1082396352","1082396415"
"1082531072","1082531327"
"1082538880","1082539007"
"1082542080","1082542143"
"1082543296","1082543359"
"1082553216","1082553343"
"1082553344","1082553471"
"1082577536","1082577663"
"1083316288","1083316295"
"1083329912","1083329919"
"1083973600","1083973631"
"1086021920","1086021951"
"1087049728","1087049983"
"1087049984","1087050239"
"1087050240","1087050495"
"1087050496","1087050751"
"1087050752","1087051263"
"1087051264","1087051519"
"1087051520","1087051775"
"1087051776","1087052031"
"1087052032","1087052287"
"1087052288","1087052543"
"1087052544","1087052799"
"1087052800","1087053055"
"1087053056","1087053311"
"1087053312","1087053567"
"1087053568","1087053695"
"1087053696","1087053823"
"1087563008","1087563263"
"1088979264","1088979271"
"1089009592","1089009599"
"1089033032","1089033039"
"1089200712","1089200719"
"1089702240","1089702247"
"1094550704","1094550711"
"1095412032","1095412047"
"1096415816","1096415823"
"1096476464","1096476479"
"1097004544","1097004575"
"1097954304","1097954399"
"1097954400","1097954407"
"1097954408","1097954431"
"1097954432","1097954447"
"1097954448","1097954487"
"1097954488","1097954527"
"1097954528","1097954535"
"1097954536","1097954543"
"1097954544","1097954559"
"1097954560","1097954703"
"1097954704","1097954711"
"1097954712","1097954975"
"1097954976","1097954991"
"1097954992","1097955063"
"1097955064","1097955071"
"1097955072","1097955195"
"1097955196","1097955199"
"1097955200","1097955263"
"1097955264","1097955279"
"1097955280","1097955295"
"1097955296","1097955327"
"1097973760","1097974783"
"1098186496","1098186511"
"1098276672","1098276679"
"1101119488","1101119743"
"1101251840","1101252095"
"1101273600","1101273855"
"1101296384","1101296399"
"1101364992","1101365247"
"1101552384","1101552639"
"1101649664","1101649919"
"1101659136","1101659647"
"1101670912","1101670975"
"1101711136","1101711167"
"1101810176","1101810431"
"1101856824","1101856831"
"1101940256","1101940271"
"1101986816","1101987071"
"1103494336","1103494399"
"1103634688","1103634943"
"1103926520","1103926527"
"1104003816","1104003823"
"1104004784","1104004799"
"1104008464","1104008479"
"1104243936","1104243967"
"1104667880","1104667887"
"1104875080","1104875087"
"1104881072","1104881087"
"1104883392","1104883407"
"1105157056","1105157119"
"1105159392","1105159407"
"1106314872","1106314879"
"1106316736","1106316767"
"1106785888","1106785919"
"1107853312","1107853823"
"1107853824","1107854079"
"1107854080","1107854335"
"1107854336","1107854591"
"1107854592","1107854847"
"1107854848","1107855359"
"1107855360","1107855615"
"1107855616","1107856127"
"1107856128","1107856383"
"1107856384","1107857407"
"1107857408","1107858431"
"1107858432","1107858687"
"1107858688","1107858943"
"1107858944","1107859455"
"1107859456","1107860479"
"1107860480","1107861503"
"1107861504","1107862527"
"1107862528","1107863551"
"1107863552","1107864063"
"1107864064","1107864575"
"1107864576","1107865599"
"1107865600","1107865855"
"1107865856","1107866111"
"1107866112","1107866367"
"1107866368","1107866623"
"1107866624","1107866879"
"1107866880","1107867135"
"1107867136","1107867391"
"1107867392","1107867647"
"1107867648","1107868415"
"1107868416","1107868671"
"1107868672","1107869183"
"1107869184","1107869695"
"1107869696","1107870463"
"1107870464","1107870719"
"1107870720","1107871743"
"1107871744","1107871999"
"1107872000","1107872511"
"1107872512","1107873279"
"1107873280","1107873535"
"1107873536","1107873791"
"1107873792","1107874815"
"1107874816","1107875071"
"1107875072","1107875327"
"1107875328","1107875583"
"1107875584","1107875839"
"1107875840","1107876095"
"1107876096","1107876351"
"1107876352","1107876607"
"1107876608","1107876863"
"1107876864","1107877887"
"1107877888","1107878399"
"1107878400","1107878655"
"1107878656","1107878911"
"1107878912","1107879423"
"1107879424","1107879935"
"1107879936","1107880703"
"1107880704","1107880959"
"1107880960","1107881215"
"1107881216","1107881471"
"1107881472","1107881727"
"1107881728","1107881983"
"1107881984","1107883007"
"1107883008","1107883263"
"1107883264","1107884031"
"1107884032","1107884287"
"1107884288","1107884543"
"1107884544","1107884799"
"1107884800","1107885055"
"1107885056","1107886079"
"1109762048","1109762303"
"1109762304","1109762410"
"1109762411","1109762411"
"1109762412","1109762559"
"1109762560","1109763839"
"1109763840","1109764351"
"1109764352","1109764607"
"1109764608","1109765119"
"1109765120","1109765375"
"1109765376","1109765887"
"1109765888","1109766143"
"1109766144","1109766255"
"1109766256","1109766271"
"1109766272","1109766655"
"1109766656","1109770239"
"1110710513","1110710526"
"1112236032","1112236543"
"1112236544","1112236799"
"1112236800","1112237311"
"1112237312","1112237567"
"1112237568","1112238079"
"1112238080","1112238591"
"1112238592","1112239103"
"1112239104","1112239615"
"1112239616","1112240127"
"1112240128","1112240383"
"1112240384","1112240639"
"1112240640","1112240895"
"1112240896","1112241151"
"1112241152","1112241407"
"1112241408","1112241663"
"1112241664","1112242175"
"1112242176","1112242431"
"1112242432","1112242687"
"1112242688","1112243199"
"1112243200","1112243711"
"1112243712","1112243967"
"1112243968","1112244223"
"1113260032","1113260287"
"1113260288","1113261311"
"1113261312","1113261567"
"1113261568","1113261823"
"1113261824","1113262079"
"1113262080","1113262335"
"1113262336","1113262591"
"1113262592","1113262847"
"1113262848","1113263103"
"1113263104","1113263359"
"1113263360","1113263615"
"1113263616","1113263871"
"1113263872","1113264127"
"1113264128","1113265663"
"1113265664","1113265919"
"1113265920","1113266175"
"1113266176","1113266943"
"1113266944","1113267199"
"1113267200","1113267455"
"1113267456","1113267967"
"1113267968","1113268223"
"1113268224","1113269247"
"1113269248","1113270271"
"1113270272","1113270783"
"1113270784","1113271039"
"1113271040","1113271295"
"1113271296","1113271807"
"1113271808","1113272319"
"1113272320","1113272575"
"1113272576","1113272831"
"1113272832","1113273087"
"1113273088","1113273343"
"1113273344","1113273599"
"1113273600","1113273855"
"1113273856","1113274111"
"1113274112","1113274367"
"1113274368","1113276415"
"1113276416","1113276671"
"1113276672","1113276927"
"1113276928","1113277183"
"1113277184","1113277439"
"1113277440","1113277695"
"1113277696","1113277951"
"1113277952","1113278463"
"1113278464","1113278719"
"1113278720","1113278975"
"1113278976","1113279743"
"1113279744","1113279999"
"1113280000","1113280255"
"1113280256","1113280511"
"1113280512","1113280767"
"1113280768","1113281023"
"1113281024","1113281535"
"1113281536","1113281791"
"1113281792","1113282047"
"1113282048","1113282815"
"1113282816","1113283071"
"1113283072","1113283583"
"1113283584","1113283839"
"1113283840","1113284095"
"1113284096","1113284351"
"1113284352","1113284607"
"1113284608","1113285631"
"1113285632","1113286655"
"1113286656","1113287167"
"1113287168","1113287423"
"1113287424","1113287679"
"1113287680","1113287935"
"1113287936","1113288447"
"1113288448","1113288703"
"1113288704","1113288959"
"1113288960","1113289215"
"1113289216","1113289471"
"1113289472","1113289727"
"1113289728","1113289983"
"1113289984","1113290495"
"1113290496","1113290751"
"1113290752","1113291007"
"1113291008","1113291263"
"1113291264","1113291775"
"1113291776","1113292031"
"1113292032","1113292287"
"1113292288","1113292799"
"1113292800","1113293311"
"1113293312","1113293567"
"1113293568","1113293823"
"1113293824","1113294079"
"1113294080","1113294335"
"1113294336","1113294591"
"1113294592","1113294847"
"1113294848","1113295871"
"1113295872","1113296127"
"1113296128","1113296383"
"1113296384","1113296639"
"1113296640","1113296895"
"1113296896","1113297151"
"1113297152","1113297919"
"1113297920","1113298943"
"1113298944","1113299455"
"1113299456","1113299967"
"1113299968","1113300479"
"1113300480","1113300991"
"1113300992","1113303039"
"1113303040","1113303295"
"1113303296","1113303551"
"1113303552","1113304063"
"1113304064","1113304319"
"1113304320","1113304575"
"1113304576","1113305087"
"1113305088","1113307135"
"1113307136","1113307647"
"1113307648","1113308159"
"1113308160","1113308671"
"1113308672","1113308927"
"1113308928","1113309183"
"1113309184","1113310207"
"1113310208","1113310463"
"1113310464","1113310719"
"1113310720","1113310975"
"1113310976","1113311231"
"1113311232","1113311487"
"1113311488","1113311743"
"1113311744","1113311999"
"1113312000","1113312255"
"1113312256","1113313279"
"1113313280","1113315071"
"1113315072","1113315327"
"1113315328","1113315583"
"1113315584","1113316095"
"1113316096","1113316351"
"1113316352","1113316863"
"1113316864","1113317119"
"1113317120","1113317375"
"1114966536","1114966543"
"1116073984","1116074239"
"1116074240","1116074495"
"1116074496","1116074751"
"1116074752","1116075007"
"1116075008","1116075263"
"1116075264","1116075519"
"1116075520","1116076031"
"1116076032","1116076159"
"1116076160","1116076287"
"1116076288","1116076415"
"1116076416","1116076543"
"1116076544","1116076799"
"1116076800","1116077055"
"1116077056","1116077311"
"1116077312","1116077567"
"1116077568","1116077823"
"1116077824","1116078079"
"1116200960","1116201983"
"1116201984","1116202239"
"1116202240","1116202431"
"1116202432","1116202495"
"1116202496","1116203007"
"1116203008","1116203263"
"1116203264","1116203519"
"1116203520","1116204031"
"1116204032","1116204287"
"1116204288","1116204543"
"1116204544","1116205055"
"1116205056","1116205311"
"1116205312","1116205823"
"1116205824","1116206079"
"1116206080","1116206335"
"1116206336","1116206591"
"1116206592","1116207359"
"1116207360","1116207615"
"1116207616","1116208127"
"1116208128","1116208383"
"1116208384","1116208639"
"1116208640","1116208895"
"1116208896","1116209023"
"1116209024","1116209151"
"1117189504","1117189631"
"1117974528","1117974783"
"1117975040","1117975551"
"1117975552","1117975807"
"1117975808","1117976007"
"1117976012","1117976319"
"1117976320","1117976399"
"1117976400","1117976403"
"1117976404","1117976447"
"1117976448","1117976479"
"1117976480","1117976575"
"1117977040","1117977047"
"1117977048","1117977055"
"1117977344","1117977599"
"1117977600","1117977855"
"1117977856","1117978111"
"1117978180","1117978180"
"1118576384","1118576511"
"1118577408","1118577471"
"1118781440","1118781695"
"1118781696","1118781951"
"1118781952","1118782975"
"1118782976","1118783231"
"1118783232","1118783935"
"1118783936","1118783967"
"1118783968","1118784255"
"1118784256","1118784767"
"1118784768","1118786815"
"1118786816","1118787071"
"1118787072","1118788863"
"1118788864","1118788991"
"1118788992","1118789119"
"1118789120","1118789375"
"1118789376","1118789631"
"1119125504","1119133695"
"1119145184","1119145215"
"1119167800","1119167807"
"1119168648","1119168655"
"1119932416","1119932927"
"1119932928","1119933183"
"1119933184","1119933695"
"1119933696","1119933951"
"1119933952","1119934463"
"1119936000","1119936511"
"1119981824","1119982335"
"1119982336","1119982591"
"1119982832","1119982839"
"1119982848","1119983103"
"1119983360","1119983615"
"1119983648","1119983663"
"1119983664","1119983671"
"1119983672","1119983679"
"1119983680","1119983695"
"1119983696","1119983711"
"1119983808","1119983823"
"1119983824","1119983839"
"1119983840","1119983855"
"1119983864","1119983871"
"1119983872","1119984127"
"1119984128","1119984383"
"1119984384","1119984895"
"1119984896","1119985151"
"1119985152","1119985407"
"1119985408","1119985663"
"1121468544","1121468551"
"1121479864","1121479871"
"1122587648","1122587903"
"1122587904","1122588671"
"1122589696","1122590719"
"1122595840","1122596351"
"1123562752","1123563007"
"1127317504","1127318015"
"1127318016","1127318271"
"1127318272","1127318527"
"1127318528","1127318783"
"1127318784","1127319295"
"1127319296","1127319551"
"1127319552","1127319807"
"1127319808","1127320063"
"1127320064","1127320319"
"1127320320","1127320575"
"1127320576","1127321599"
"1127321600","1127321855"
"1127321856","1127322111"
"1127322112","1127322367"
"1127322368","1127322623"
"1127322624","1127322879"
"1127322880","1127323135"
"1127323136","1127323647"
"1127323648","1127324671"
"1127324672","1127324927"
"1127324928","1127325183"
"1127325184","1127325695"
"1127325696","1127325951"
"1127325952","1127326207"
"1127326208","1127326463"
"1127326464","1127326719"
"1127326720","1127327231"
"1127327232","1127327487"
"1127327488","1127327743"
"1127327744","1127328255"
"1127328256","1127328511"
"1127328512","1127328767"
"1127328768","1127329023"
"1127329024","1127329279"
"1127329280","1127329535"
"1127329536","1127329791"
"1127329792","1127330047"
"1127330048","1127330303"
"1127330304","1127330559"
"1127330560","1127331071"
"1127331072","1127331327"
"1127331328","1127331839"
"1127331840","1127332095"
"1127332096","1127332351"
"1127332352","1127332607"
"1127332608","1127332863"
"1127332864","1127333119"
"1127333120","1127333375"
"1127333376","1127333631"
"1127333632","1127333887"
"1127497728","1127498239"
"1127498240","1127498495"
"1127498496","1127498751"
"1127498752","1127499263"
"1127499264","1127499775"
"1127499776","1127500031"
"1127500032","1127501823"
"1127501824","1127503359"
"1127503360","1127503615"
"1127503616","1127503871"
"1127503872","1127504895"
"1127504896","1127505407"
"1127505408","1127505919"
"1127555072","1127555327"
"1127555328","1127555583"
"1127555584","1127556095"
"1127556096","1127556351"
"1127556352","1127558655"
"1127558656","1127558911"
"1127558912","1127559167"
"1127559168","1127559423"
"1127559424","1127559679"
"1127559680","1127560191"
"1127560192","1127561215"
"1127561216","1127561471"
"1127561472","1127561727"
"1127561728","1127562239"
"1127562240","1127562495"
"1127562496","1127563263"
"1127596032","1127596543"
"1127596544","1127596799"
"1127596800","1127597055"
"1127597312","1127598079"
"1127598080","1127598335"
"1127598336","1127598591"
"1127598592","1127598847"
"1127598848","1127599103"
"1127599104","1127599615"
"1127599616","1127600127"
"1127600128","1127600213"
"1127600214","1127600214"
"1127600215","1127600639"
"1127600640","1127600703"
"1127600704","1127601151"
"1127601152","1127601529"
"1127601530","1127601530"
"1127601531","1127602175"
"1127602176","1127603199"
"1127603200","1127603455"
"1127603456","1127603711"
"1127603712","1127603714"
"1127603715","1127603715"
"1127603716","1127603719"
"1127603720","1127603967"
"1127603968","1127604223"
"1130562208","1130562239"
"1130585632","1130585663"
"1130621968","1130621975"
"1132551040","1132551071"
"1132551152","1132551167"
"1132551168","1132551423"
"1132551456","1132551487"
"1132551488","1132551503"
"1132551512","1132551519"
"1132551600","1132551607"
"1132551608","1132551631"
"1132551632","1132551647"
"1132551648","1132551655"
"1132551656","1132551663"
"1132551664","1132551671"
"1132551672","1132551679"
"1132552064","1132552103"
"1132552104","1132552111"
"1132552112","1132552119"
"1132552128","1132552143"
"1132552144","1132552151"
"1132552152","1132552159"
"1132629416","1132629423"
"1132952008","1132952015"
"1132959744","1132960255"
"1134489600","1134493695"
"1136664832","1136664847"
"1136666192","1136666199"
"1136674328","1136674335"
"1136677456","1136677463"
"1136708384","1136708391"
"1136708552","1136708559"
"1136708976","1136708983"
"1136711136","1136711143"
"1136711200","1136711207"
"1136713744","1136713751"
"1136715880","1136715887"
"1137721672","1137721679"
"1142786816","1142787071"
"1145055792","1145055807"
"1158497893","1158497901"
"1158520433","1158520441"
"1158967848","1158967855"
"1158969688","1158969695"
"1159480416","1159480431"
"1159480608","1159480615"
"1159604224","1159604351"
"1159651584","1159651599"
"1160479176","1160479183"
"1160482304","1160482335"
"1163397472","1163397479"
"1176698208","1176698215"
"1180631040","1180643327"
"1180643328","1180643839"
"1180643840","1180644095"
"1180644096","1180644351"
"1180644352","1180644607"
"1180644608","1180645119"
"1180645120","1180645375"
"1180645376","1180646399"
"1180646400","1180646655"
"1180646656","1180647423"
"1180647424","1180647935"
"1180647936","1180648447"
"1180648448","1180648703"
"1180648704","1180649215"
"1180649216","1180649471"
"1180649472","1180650495"
"1180650496","1180651007"
"1180651008","1180651263"
"1180651264","1180651519"
"1180651520","1180654591"
"1180654592","1180654847"
"1180654848","1180655615"
"1180655616","1180656127"
"1180656128","1180656383"
"1180656384","1180656639"
"1180656640","1180656895"
"1180656896","1180657151"
"1180657152","1180657407"
"1180657408","1180657663"
"1180657664","1180657919"
"1180657920","1180658175"
"1180658176","1180658431"
"1180658432","1180658687"
"1180658688","1180658943"
"1180658944","1180659199"
"1180659200","1180659455"
"1180659456","1180659711"
"1180659712","1180659967"
"1180659968","1180660223"
"1180660224","1180660991"
"1180660992","1180661247"
"1180661248","1180661503"
"1180661504","1180661759"
"1180661760","1180662015"
"1180662016","1180662783"
"1180662784","1180663039"
"1180663040","1180663295"
"1180663296","1180663551"
"1180663552","1180663807"
"1180663808","1180665855"
"1180665856","1180666367"
"1180666368","1180666623"
"1180666624","1180666879"
"1180666880","1180667135"
"1180667136","1180667391"
"1180667392","1180667903"
"1180667904","1180668415"
"1180668416","1180668671"
"1180668672","1180668927"
"1180668928","1180669183"
"1180669184","1180669439"
"1180669440","1180669951"
"1180669952","1180670207"
"1180670208","1180670975"
"1180670976","1180671231"
"1180671232","1180671487"
"1180671488","1180671999"
"1180672000","1180673023"
"1180673024","1180673279"
"1180673280","1180673535"
"1180673536","1180673791"
"1180673792","1180674047"
"1180674048","1180674559"
"1180674560","1180675071"
"1180675072","1180675327"
"1180675328","1180675583"
"1180675584","1180675839"
"1180675840","1180676095"
"1180676096","1180676607"
"1180676608","1180676863"
"1180676864","1180677119"
"1180677120","1180677631"
"1180677632","1180678143"
"1180678144","1180678399"
"1180678400","1180678655"
"1180678656","1180678911"
"1180678912","1180679167"
"1180679168","1180679423"
"1180679424","1180680191"
"1180680192","1180692479"
"1192632320","1192632575"
"1192632576","1192632831"
"1192632832","1192633087"
"1192633088","1192633148"
"1192633149","1192633149"
"1192633150","1192633215"
"1192633216","1192633343"
"1192633344","1192633391"
"1192633392","1192633395"
"1192633396","1192633471"
"1192633472","1192633487"
"1192633488","1192633599"
"1192633600","1192633631"
"1192633632","1192633855"
"1192633856","1192633919"
"1192633920","1192633983"
"1192633984","1192634111"
"1192634112","1192634367"
"1192634368","1192634591"
"1192634592","1192634623"
"1192634624","1192634687"
"1192634688","1192634751"
"1192634752","1192634879"
"1192634880","1192634943"
"1192634944","1192635007"
"1192635008","1192635071"
"1192635072","1192635135"
"1192635136","1192635519"
"1192635520","1192635520"
"1192635521","1192635536"
"1192635537","1192635537"
"1192635538","1192635647"
"1192635648","1192635775"
"1192635776","1192635807"
"1192635808","1192635839"
"1192635840","1192635871"
"1192635872","1192635903"
"1192635904","1192636210"
"1192636211","1192636211"
"1192636212","1192636415"
"1192636416","1192636543"
"1192636544","1192636918"
"1192636919","1192636919"
"1192636920","1192636927"
"1192636928","1192637414"
"1192637415","1192637415"
"1192637416","1192637439"
"1192637440","1192637695"
"1192637696","1192637951"
"1192637952","1192638015"
"1192638016","1192638047"
"1192638048","1192638207"
"1192638208","1192638975"
"1192638976","1192639231"
"1192639232","1192639351"
"1192639352","1192639352"
"1192639353","1192639487"
"1192639488","1192639551"
"1192639552","1192639650"
"1192639651","1192639651"
"1192639652","1192639743"
"1192639744","1192639999"
"1192640000","1192640191"
"1192640192","1192640255"
"1192640256","1192640271"
"1192640272","1192640276"
"1192640277","1192640277"
"1192640278","1192640287"
"1192640288","1192640511"
"1208203992","1208203999"
"1208204728","1208204735"
"1208205832","1208205839"
"1208251776","1208251791"
"1208832560","1208832567"
"1208832928","1208832935"
"1210060640","1210060647"
"1210067904","1210067919"
"1210070760","1210070767"
"1210070816","1210070839"
"1210072480","1210072487"
"1210105336","1210105343"
"1210107912","1210107919"
"1210109360","1210109367"
"1210110752","1210110759"
"1210114112","1210114143"
"1211387904","1211387967"
"1211397272","1211397279"
"1216528384","1216528639"
"1216528640","1216529407"
"1216529408","1216529663"
"1216529664","1216529919"
"1216529920","1216530175"
"1216530176","1216530431"
"1216530432","1216530687"
"1216530688","1216530943"
"1216530944","1216531199"
"1216531200","1216531455"
"1216531456","1216531711"
"1216531712","1216531967"
"1216531968","1216532479"
"1216532480","1216533247"
"1216533248","1216533503"
"1216533504","1216534015"
"1216534016","1216534271"
"1216534272","1216534527"
"1216534528","1216535039"
"1216535040","1216535295"
"1216535296","1216535551"
"1216535552","1216536319"
"1216536320","1216536575"
"1216536576","1216536831"
"1216536832","1216537087"
"1216537088","1216537343"
"1216537344","1216537599"
"1216537600","1216537855"
"1216537856","1216538623"
"1216538624","1216539135"
"1216539136","1216539391"
"1216539392","1216539647"
"1216539648","1216540159"
"1216540160","1216540671"
"1216540672","1216541183"
"1216541184","1216541695"
"1216541696","1216541951"
"1216541952","1216542207"
"1216542208","1216542719"
"1216542720","1216542975"
"1216542976","1216543231"
"1216543232","1216543487"
"1216543488","1216543743"
"1216543744","1216544767"
"1218848096","1218848111"
"1223294976","1223295359"
"1223295360","1223295999"
"1223296000","1223296255"
"1223296256","1223296383"
"1223296384","1223296511"
"1223296512","1223296639"
"1223296640","1223297023"
"1223297024","1223297279"
"1223297280","1223297535"
"1223297536","1223297663"
"1223297664","1223297791"
"1223297792","1223298047"
"1223298048","1223298303"
"1223298304","1223299071"
"1223299072","1223299583"
"1223299584","1223299839"
"1223299840","1223299967"
"1223299968","1223300095"
"1223300096","1223300223"
"1223300224","1223300863"
"1223300864","1223301119"
"1223301120","1223301375"
"1223301376","1223301631"
"1223301632","1223303167"
"1223303168","1223303679"
"1223303680","1223303935"
"1223303936","1223304191"
"1223304192","1223305215"
"1223305216","1223305343"
"1223305344","1223305471"
"1223305472","1223305599"
"1223305600","1223305727"
"1223305728","1223305983"
"1223305984","1223306111"
"1223306112","1223306495"
"1223306496","1223307263"
"1223307264","1223308287"
"1223308288","1223309311"
"1223309312","1223309823"
"1223309824","1223310079"
"1223310080","1223310207"
"1223310208","1223310335"
"1223310336","1223310591"
"1223310592","1223310847"
"1223310848","1223311359"
"1223311360","1223311615"
"1223311616","1223311743"
"1223311744","1223311871"
"1223311872","1223312383"
"1223312384","1223312639"
"1223312640","1223312895"
"1223312896","1223313407"
"1223313408","1223314175"
"1223314176","1223314431"
"1223314432","1223314687"
"1223314688","1223314815"
"1223314816","1223314943"
"1223314944","1223315071"
"1223315072","1223315199"
"1223315200","1223315455"
"1223315456","1223315711"
"1223315712","1223316223"
"1223316224","1223316479"
"1223316480","1223316607"
"1223316608","1223316735"
"1223316736","1223316991"
"1223316992","1223317759"
"1223317760","1223318015"
"1223318016","1223318271"
"1223318272","1223318783"
"1223318784","1223319295"
"1223319296","1223319551"
"1223319552","1223319807"
"1223319808","1223320063"
"1223320064","1223320575"
"1223320576","1223321087"
"1223321088","1223321599"
"1223321600","1223323135"
"1223323136","1223324159"
"1223324160","1223324415"
"1223324416","1223324671"
"1223324672","1223325055"
"1223325056","1223325183"
"1223325184","1223325695"
"1223325696","1223325951"
"1223325952","1223327231"
"1223327232","1223327487"
"1223327488","1223327743"
"1223327744","1223328767"
"1223328768","1223329279"
"1223329280","1223329791"
"1223329792","1223330303"
"1223330304","1223330815"
"1223330816","1223331071"
"1223331072","1223331327"
"1223331328","1223331583"
"1223331584","1223331711"
"1223331712","1223331839"
"1223331840","1223332095"
"1223332096","1223332607"
"1223332608","1223332991"
"1223332992","1223333119"
"1223333120","1223333375"
"1223333376","1223333503"
"1223333504","1223333887"
"1223333888","1223334143"
"1223334144","1223334399"
"1223334400","1223334911"
"1223334912","1223335935"
"1223335936","1223336447"
"1223336448","1223336959"
"1223336960","1223337215"
"1223337216","1223337471"
"1223337472","1223337727"
"1223337728","1223337983"
"1223337984","1223338495"
"1223338496","1223339007"
"1223339008","1223339775"
"1223339776","1223340031"
"1223340032","1223340287"
"1223340288","1223340543"
"1223340544","1223340671"
"1223340672","1223340799"
"1223340800","1223341311"
"1223341312","1223341439"
"1223341440","1223341567"
"1223341568","1223341695"
"1223341696","1223341823"
"1223341824","1223342079"
"1223342080","1223342591"
"1223342592","1223343103"
"1223343104","1223343359"
"1223343360","1223343871"
"1223343872","1223344127"
"1223344128","1223345151"
"1223345152","1223345279"
"1223345280","1223345919"
"1223345920","1223346175"
"1223346176","1223347199"
"1223347200","1223347455"
"1223347456","1223347711"
"1223347712","1223348223"
"1223348224","1223348479"
"1223348480","1223348991"
"1223348992","1223349247"
"1223349248","1223349503"
"1223349504","1223349759"
"1223349760","1223350015"
"1223350016","1223350271"
"1223350272","1223350783"
"1223350784","1223351039"
"1223351040","1223351295"
"1223351296","1223351807"
"1223351808","1223352319"
"1223352320","1223352831"
"1223352832","1223353343"
"1223353344","1223353855"
"1223353856","1223354111"
"1223354112","1223354751"
"1223354752","1223354879"
"1223354880","1223355135"
"1223355136","1223356415"
"1223356416","1223356927"
"1223356928","1223357439"
"1223357440","1223357567"
"1223357568","1223357823"
"1223357824","1223357951"
"1223357952","1223358079"
"1223358080","1223358207"
"1223358208","1223359487"
"1223359488","1223359743"
"1223359744","1223359999"
"1223360000","1223360255"
"1223360256","1223360511"
"1223360512","1223360639"
"1223360640","1223361023"
"1223361024","1223361151"
"1223361152","1223361279"
"1223361280","1223361535"
"1223361536","1223361791"
"1223361792","1223362047"
"1223362048","1223362559"
"1223362560","1223362815"
"1223362816","1223363071"
"1223363072","1223363199"
"1223363200","1223363583"
"1223363584","1223363839"
"1223363840","1223364095"
"1223364096","1223365119"
"1223365120","1223365375"
"1223365376","1223365631"
"1223365632","1223366655"
"1223366656","1223367679"
"1223367680","1223368191"
"1223368192","1223368319"
"1223368320","1223368703"
"1223368704","1223370751"
"1223370752","1223371775"
"1223371776","1223372287"
"1223372288","1223372799"
"1223372800","1223373823"
"1223373824","1223375871"
"1223375872","1223376127"
"1223376128","1223376383"
"1223376384","1223376895"
"1223376896","1223378943"
"1223378944","1223379199"
"1223379200","1223379967"
"1223379968","1223380223"
"1223380224","1223380479"
"1223380480","1223380991"
"1223380992","1223383039"
"1223383040","1223383295"
"1223383296","1223384063"
"1223384064","1223384575"
"1223384576","1223385087"
"1223385088","1223388159"
"1223388160","1223388415"
"1223388416","1223388671"
"1223388672","1223388927"
"1223388928","1223389055"
"1223389056","1223389183"
"1223389184","1223389695"
"1223389696","1223391231"
"1223391232","1223392255"
"1223392256","1223392511"
"1223392512","1223393279"
"1223393280","1223393535"
"1223393536","1223393791"
"1223393792","1223394303"
"1223394304","1223395071"
"1223395072","1223395327"
"1223395328","1223396351"
"1223396352","1223396863"
"1223396864","1223397375"
"1223397376","1223397887"
"1223397888","1223398399"
"1223398400","1223398527"
"1223398528","1223398655"
"1223398656","1223399423"
"1223399424","1223399935"
"1223399936","1223400191"
"1223400192","1223400447"
"1223400448","1223400959"
"1223400960","1223401215"
"1223401216","1223401471"
"1223401472","1223402495"
"1223402496","1223402623"
"1223402624","1223402751"
"1223402752","1223403519"
"1223403520","1223404287"
"1223404288","1223404543"
"1223404544","1223405055"
"1223405056","1223405567"
"1223405568","1223405823"
"1223405824","1223407615"
"1223407616","1223408639"
"1223408640","1223409663"
"1223409664","1223412223"
"1223412224","1223413759"
"1223413760","1223414783"
"1223414784","1223415039"
"1223415040","1223416831"
"1223416832","1223417087"
"1223417088","1223417343"
"1223417344","1223417855"
"1223417856","1223418367"
"1223418368","1223418495"
"1223418496","1223418623"
"1223418624","1223418879"
"1223418880","1223419391"
"1223419392","1223419903"
"1223419904","1223420415"
"1223420416","1223420927"
"1223420928","1223421951"
"1223421952","1223422975"
"1223422976","1223423231"
"1223423232","1223423487"
"1223423488","1223423999"
"1223424000","1223425023"
"1223425024","1223425279"
"1223425280","1223425535"
"1223425536","1223425791"
"1223425792","1223425919"
"1223425920","1223426047"
"1224416000","1224416255"
"1224540160","1224540415"
"1224540416","1224540671"
"1224540672","1224540927"
"1224540928","1224541183"
"1224541184","1224541439"
"1224541440","1224541695"
"1224541696","1224542207"
"1224542208","1224542719"
"1224542720","1224544255"
"1224544256","1224545279"
"1224545280","1224548351"
"1224548352","1224550399"
"1224550400","1224552447"
"1224552448","1224553471"
"1224553472","1224555007"
"1224555008","1224555519"
"1224555520","1224556543"
"1224556544","1224557311"
"1224557312","1224557567"
"1224557568","1224558079"
"1224558080","1224558335"
"1224558592","1224558847"
"1224558848","1224560639"
"1224560640","1224564223"
"1224564224","1224564479"
"1224564480","1224564735"
"1224564736","1224565247"
"1224565248","1224565759"
"1224565760","1224566783"
"1224566784","1224567295"
"1224567296","1224567551"
"1224567552","1224567807"
"1224567808","1224568831"
"1224568832","1224572927"
"1224572928","1224573311"
"1224573312","1224573439"
"1224573440","1224573951"
"1224573952","1224574207"
"1224574208","1224574335"
"1224574336","1224574463"
"1224574464","1224574719"
"1224574720","1224574847"
"1224574848","1224574975"
"1224574976","1224575231"
"1224575232","1224575487"
"1224575488","1224575999"
"1224576000","1224576511"
"1224576512","1224577023"
"1224577024","1224577279"
"1224577280","1224577535"
"1224577536","1224577791"
"1224577792","1224578047"
"1224578048","1224579071"
"1224579072","1224580351"
"1224580352","1224580607"
"1224580608","1224584191"
"1224584192","1224584447"
"1224584448","1224584703"
"1224584704","1224585215"
"1224585216","1224585471"
"1224585472","1224586239"
"1224586240","1224586495"
"1224586496","1224586751"
"1224586752","1224586879"
"1224586880","1224587007"
"1224587008","1224587263"
"1224587264","1224587519"
"1224587520","1224587775"
"1224587776","1224587903"
"1224587904","1224588031"
"1224588032","1224588415"
"1224588416","1224588799"
"1224588800","1224589055"
"1224589056","1224589311"
"1224589312","1224589567"
"1224589568","1224589823"
"1224589824","1224590079"
"1224590080","1224590335"
"1224590336","1224590591"
"1224590592","1224590847"
"1224590848","1224591103"
"1224591104","1224591231"
"1224591232","1224591359"
"1224591360","1224591871"
"1224591872","1224592895"
"1224592896","1224593151"
"1224593152","1224593535"
"1224593536","1224593663"
"1224593664","1224593791"
"1224593792","1224593919"
"1224593920","1224594175"
"1224594176","1224594431"
"1224594432","1224594943"
"1224594944","1224595967"
"1224595968","1224596735"
"1224596736","1224596991"
"1224596992","1224597503"
"1224597504","1224597759"
"1224597760","1224598015"
"1224598016","1224598271"
"1224598272","1224598527"
"1224598528","1224598655"
"1224598656","1224598783"
"1224598784","1224599039"
"1224599040","1224599295"
"1224599296","1224599423"
"1224599424","1224599551"
"1224599552","1224600319"
"1224600320","1224601343"
"1224601344","1224601599"
"1224601600","1224601855"
"1224601856","1224602111"
"1224602112","1224603135"
"1224603136","1224603647"
"1224603648","1224603903"
"1224603904","1224604415"
"1224604416","1224604671"
"1224604672","1224604927"
"1224604928","1224605183"
"1224605184","1224605695"
"1245454336","1245454591"
"1245454592","1245454623"
"1245454624","1245454975"
"1245454976","1245454991"
"1245454992","1245455117"
"1245455118","1245455118"
"1245455119","1245455359"
"1245455360","1245455487"
"1245455488","1245455615"
"1245455872","1245456127"
"1245456128","1245456383"
"1245456384","1245456639"
"1245456640","1245456767"
"1245456768","1245456895"
"1245456896","1245456927"
"1245456928","1245456973"
"1245456974","1245456974"
"1245456975","1245457151"
"1245457152","1245457215"
"1245457216","1245457279"
"1245457280","1245457407"
"1245457408","1245457616"
"1245457617","1245457617"
"1245457618","1245457919"
"1245457920","1245457967"
"1245457968","1245457983"
"1245457984","1245458175"
"1245458176","1245458300"
"1245458301","1245458301"
"1245458302","1245458431"
"1245470720","1245470975"
"1245470976","1245471743"
"1247223808","1247226879"
"1247227904","1247228159"
"1247228160","1247228415"
"1247228416","1247228927"
"1247228928","1247229183"
"1247229184","1247229439"
"1247229440","1247229695"
"1247229696","1247229951"
"1247229952","1247230207"
"1247230208","1247230463"
"1247230464","1247230975"
"1247230976","1247231231"
"1247231232","1247231487"
"1247231488","1247231743"
"1247231744","1247231999"
"1249630208","1249630975"
"1249630976","1249631231"
"1249631232","1249631743"
"1249631744","1249632255"
"1249692704","1249692735"
"1249693360","1249693367"
"1254781696","1254781951"
"1254782464","1254782719"
"1254838272","1254838527"
"1254838528","1254838783"
"1254839552","1254839807"
"1254840320","1254841343"
"1254841600","1254841855"
"1254848136","1254848143"
"1254951296","1254951303"
"1254954568","1254954575"
"1254960864","1254960871"
"1254968144","1254968151"
"1254969648","1254969655"
"1254975144","1254975151"
"1254975832","1254975839"
"1254976032","1254976039"
"1254976880","1254976887"
"1255555072","1255563263"
"1263583232","1263583487"
"1263583488","1263583999"
"1263584000","1263584255"
"1263584256","1263585279"
"1263585280","1263585535"
"1263585536","1263585791"
"1263585792","1263586047"
"1263586048","1263586303"
"1263586304","1263587327"
"1263587328","1263587583"
"1263587584","1263588863"
"1263588864","1263589119"
"1263589120","1263589375"
"1263589376","1263589887"
"1263589888","1263590399"
"1263590400","1263590911"
"1263590912","1263591167"
"1263591168","1263591423"
"1263894528","1263894783"
"1263894784","1263895039"
"1263895040","1263895295"
"1263895296","1263895551"
"1263895552","1263895807"
"1263895808","1263896063"
"1263896064","1263896575"
"1263896576","1263897599"
"1263897600","1263898623"
"1263898624","1263899135"
"1263899136","1263899391"
"1263899392","1263899647"
"1263899648","1263899903"
"1263899904","1263900415"
"1263900416","1263900671"
"1263900672","1263900927"
"1263900928","1263901183"
"1263901184","1263901439"
"1263901440","1263901695"
"1263901696","1263901951"
"1263901952","1263902207"
"1263902208","1263902719"
"1264414720","1264414975"
"1264414976","1264415103"
"1264415104","1264415167"
"1264415168","1264415199"
"1264415200","1264415231"
"1264415232","1264415364"
"1264415365","1264415365"
"1264415366","1264415399"
"1264415400","1264415403"
"1264415404","1264415404"
"1264415405","1264415407"
"1264415408","1264415487"
"1264415488","1264415535"
"1264415536","1264415551"
"1264415552","1264415583"
"1264415584","1264415615"
"1264415616","1264416085"
"1264416086","1264416086"
"1264416087","1264416511"
"1264416512","1264416767"
"1264416768","1264417023"
"1264417024","1264417253"
"1264417254","1264417254"
"1264417255","1264417535"
"1264417536","1264417791"
"1264417792","1264417885"
"1264417886","1264417886"
"1264417887","1264418303"
"1264418304","1264418559"
"1264418560","1264418815"
"1264566272","1264566305"
"1264566306","1264566306"
"1264566307","1264566527"
"1264566528","1264566847"
"1264566848","1264566863"
"1264566864","1264566911"
"1264566912","1264566923"
"1264566924","1264566924"
"1264566925","1264566943"
"1264566944","1264567039"
"1264567040","1264567295"
"1264567296","1264567551"
"1264567552","1264567615"
"1264567616","1264567679"
"1264567680","1264567807"
"1264567808","1264568063"
"1264568064","1264568319"
"1264568320","1264568575"
"1264568576","1264569032"
"1264569034","1264569087"
"1264569088","1264569855"
"1264569856","1264569983"
"1264569984","1264570047"
"1264570048","1264570111"
"1264570112","1264570367"
"1264570368","1264570623"
"1264570624","1264570845"
"1264570846","1264570846"
"1264570847","1264570879"
"1264570880","1264571135"
"1264571136","1264571136"
"1264571137","1264571263"
"1264571264","1264571279"
"1264571280","1264571391"
"1264571392","1264571647"
"1264571904","1264572159"
"1264572160","1264572223"
"1264572224","1264572287"
"1264572288","1264572415"
"1264572416","1264572671"
"1264572672","1264572833"
"1264572834","1264572834"
"1264572835","1264572927"
"1264572928","1264573183"
"1264573184","1264573375"
"1264573376","1264573439"
"1264573440","1264573695"
"1264573696","1264573951"
"1264573952","1264574207"
"1264574208","1264574463"
"1264574464","1264574719"
"1264574720","1264574783"
"1264574784","1264574815"
"1264574816","1264574975"
"1264574976","1264575379"
"1264575380","1264575380"
"1264575381","1264575487"
"1264575488","1264575999"
"1264576000","1264576127"
"1264576128","1264576159"
"1264576160","1264576191"
"1264576224","1264576255"
"1264576256","1264576271"
"1264576272","1264576272"
"1264576273","1264576383"
"1264576384","1264576389"
"1264576390","1264576390"
"1264576391","1264576511"
"1264576512","1264576767"
"1264576768","1264577023"
"1264577024","1264577279"
"1264577280","1264577343"
"1264577344","1264577407"
"1264577408","1264577535"
"1264577536","1264577791"
"1264577792","1264577951"
"1264577952","1264577959"
"1264577960","1264578047"
"1264578048","1264578303"
"1264578304","1264578559"
"1264578560","1264578633"
"1264578635","1264578950"
"1264578952","1264578967"
"1264578968","1264578968"
"1264578969","1264579071"
"1264579072","1264579327"
"1264579328","1264579583"
"1264579584","1264579805"
"1264579806","1264579806"
"1264579807","1264579839"
"1264579840","1264580351"
"1264580352","1264580583"
"1264580584","1264580591"
"1264580592","1264580607"
"1264580608","1264580863"
"1264580864","1264580927"
"1264580928","1264581055"
"1264581056","1264581119"
"1264581120","1264581183"
"1264581184","1264581247"
"1264581248","1264581263"
"1264581264","1264581375"
"1264581376","1264581631"
"1264581632","1264581759"
"1264581760","1264581823"
"1264581824","1264581887"
"1264581888","1264582143"
"1264582144","1264582399"
"1264582400","1264582407"
"1264582408","1264582415"
"1264582416","1264582655"
"1271151616","1271152127"
"1273321984","1273322495"
"1275896912","1275896919"
"1275901552","1275901567"
"1275910608","1275910623"
"1280269312","1280269567"
"1280269568","1280269823"
"1280269824","1280270335"
"1280868352","1280868607"
"1280868608","1280869119"
"1280869120","1280869375"
"1280869376","1280869631"
"1280869632","1280870143"
"1280870144","1280870399"
"1280870400","1280870655"
"1280870656","1280870911"
"1280870912","1280871167"
"1280871168","1280871423"
"1280871424","1280871679"
"1280871680","1280871935"
"1280871936","1280872191"
"1280872192","1280872447"
"1280872448","1280874495"
"1280874496","1280874751"
"1280874752","1280875007"
"1280875008","1280875263"
"1280875264","1280876543"
"1280876544","1280876799"
"1280876800","1280877055"
"1280877056","1280877311"
"1280877312","1280877567"
"1280877568","1280877823"
"1280877824","1280878079"
"1280878080","1280878335"
"1280878336","1280878847"
"1280878848","1280879103"
"1280879104","1280879359"
"1280879360","1280879871"
"1280879872","1280880127"
"1280880128","1280880383"
"1280880384","1280880639"
"1280880640","1280880895"
"1280880896","1280881151"
"1280881152","1280881407"
"1280881408","1280881663"
"1280881664","1280882175"
"1280882176","1280882431"
"1280882432","1280883199"
"1280883200","1280883455"
"1280883456","1280883711"
"1280883712","1280883967"
"1280883968","1280884479"
"1280884480","1280884735"
"1281212416","1281212927"
"1281212928","1281213183"
"1281213184","1281213439"
"1281213440","1281213695"
"1281213696","1281213951"
"1281213952","1281214463"
"1281214464","1281215487"
"1281215488","1281215743"
"1281215744","1281215999"
"1281216000","1281216511"
"1281216512","1281217279"
"1281217280","1281217535"
"1281217536","1281218047"
"1281218048","1281218559"
"1281218560","1281218815"
"1281218816","1281219071"
"1281219072","1281219327"
"1281219328","1281219583"
"1281219584","1281219839"
"1281219840","1281220351"
"1281220352","1281220607"
"1361035684","1361035687"
"1611166096","1611166111"
"1612686592","1612686847"
"1630526464","1630527487"
"1631698944","1631703039"
"1652623032","1652623039"
"1652624248","1652624255"
"1652634432","1652634439"
"1652634528","1652634535"
"1652641696","1652641703"
"1652643968","1652643975"
"1652643984","1652643991"
"1652659224","1652659231"
"1654030336","1654031103"
"1654031104","1654031359"
"1654031360","1654032383"
"1654032384","1654034431"
"1654034432","1654034687"
"1654034688","1654034943"
"1654034944","1654035455"
"1654035456","1654035711"
"1654035712","1654036479"
"1654036480","1654036991"
"1654036992","1654037247"
"1654037248","1654038527"
"1654038528","1654039295"
"1654039296","1654039551"
"1654039552","1654040575"
"1654040576","1654040831"
"1654040832","1654041087"
"1654041088","1654041343"
"1654041344","1654041599"
"1654041600","1654041855"
"1654041856","1654042111"
"1654042112","1654042623"
"1654042624","1654042879"
"1654042880","1654043135"
"1654043136","1654043391"
"1654043392","1654044159"
"1654044160","1654044671"
"1654044928","1654045183"
"1654045184","1654045439"
"1654045440","1654045695"
"1654045696","1654045951"
"1654045952","1654046207"
"1654046208","1654046463"
"1654046464","1654046719"
"1654046720","1654047231"
"1654047232","1654047487"
"1654047488","1654047743"
"1654047744","1654047999"
"1654048000","1654048255"
"1654048256","1654048767"
"1654048768","1654050815"
"1654050816","1654051327"
"1654051328","1654051583"
"1654051584","1654051839"
"1654051840","1654052095"
"1654052096","1654052351"
"1654052352","1654052607"
"1654052608","1654052863"
"1654052864","1654053119"
"1654053120","1654053631"
"1654053632","1654053887"
"1654053888","1654054143"
"1654054144","1654054399"
"1654054400","1654054911"
"1654054912","1654055167"
"1654055168","1654055423"
"1654055424","1654055935"
"1654055936","1654056191"
"1654056192","1654056447"
"1654056448","1654056959"
"1654056960","1654057215"
"1654057216","1654057471"
"1654057472","1654059007"
"1654059008","1654059519"
"1654059520","1654059775"
"1654059776","1654060031"
"1654060032","1654060287"
"1654060288","1654061055"
"1654061056","1654061311"
"1654061312","1654061567"
"1654061568","1654061823"
"1654061824","1654062079"
"1654062080","1654063103"
"1654358016","1654358527"
"1654358528","1654358783"
"1654358784","1654359039"
"1654359040","1654359295"
"1654359296","1654359551"
"1654359552","1654359807"
"1654359808","1654360063"
"1654360064","1654360319"
"1654360320","1654360831"
"1654360832","1654361087"
"1654361088","1654361343"
"1654361344","1654361599"
"1654361600","1654361855"
"1654361856","1654362111"
"1654362112","1654362367"
"1654362368","1654363135"
"1654363136","1654363391"
"1654363392","1654363647"
"1654363648","1654363903"
"1654363904","1654364159"
"1654364160","1654364415"
"1654364416","1654365439"
"1654365440","1654365695"
"1654365696","1654366207"
"1654366208","1654366719"
"1654366720","1654366975"
"1654366976","1654367231"
"1654367232","1654367487"
"1654367488","1654367743"
"1654367744","1654367999"
"1654368000","1654368255"
"1654368256","1654370303"
"1654370304","1654370559"
"1654370560","1654370815"
"1654370816","1654371071"
"1654371072","1654371327"
"1654371328","1654371839"
"1654371840","1654372095"
"1654372096","1654372351"
"1654372352","1654372607"
"1654372608","1654372863"
"1654372864","1654373119"
"1654373120","1654373375"
"1654373376","1654373631"
"1654373632","1654373887"
"1654373888","1654374143"
"1654374144","1654374399"
"1654374400","1654375423"
"1654375424","1654375679"
"1654375680","1654375935"
"1654375936","1654376191"
"1654376192","1654376447"
"1654376448","1654377727"
"1654377728","1654377983"
"1654377984","1654378495"
"1654378496","1654379007"
"1654379008","1654379263"
"1654379264","1654379519"
"1654379520","1654379775"
"1654379776","1654380031"
"1654380032","1654380287"
"1654380288","1654380543"
"1654380544","1654380799"
"1654380800","1654381055"
"1654381056","1654381311"
"1654381312","1654381567"
"1654381568","1654381823"
"1654381824","1654382591"
"1654382592","1654382847"
"1654382848","1654383359"
"1654383360","1654383615"
"1654383616","1654383871"
"1654383872","1654384127"
"1654384128","1654384639"
"1654384640","1654384895"
"1654384896","1654385151"
"1654385152","1654385663"
"1654385664","1654386175"
"1654386176","1654386687"
"1654386688","1654386943"
"1654386944","1654387455"
"1654387456","1654387711"
"1654387712","1654387967"
"1654387968","1654388735"
"1654388736","1654389247"
"1654389248","1654389503"
"1654389504","1654390271"
"1654390272","1654390527"
"1654390528","1654390783"
"1815838720","1815842815"
"2158690304","2158701055"
"2158701056","2158701567"
"2158701568","2158704639"
"2158704640","2158706687"
"2158706688","2158710783"
"2158710784","2158714879"
"2158714880","2158718975"
"2158718976","2158719231"
"2158719232","2158719487"
"2158719488","2158721023"
"2158721024","2158723071"
"2158723072","2158725119"
"2158725376","2158725631"
"2158726144","2158737407"
"2158737408","2158738431"
"2158738432","2158738687"
"2158738688","2158739455"
"2158739456","2158740479"
"2158740480","2158741503"
"2158741504","2158743551"
"2158743552","2158745599"
"2158745600","2158749695"
"2158749696","2158749951"
"2158749952","2158755839"
"2214789376","2214789631"
"2225078272","2225086463"
"2225086464","2225094655"
"2225094656","2225127423"
"2225127424","2225127679"
"2225127680","2225135615"
"2225135616","2225135871"
"2225135872","2225138943"
"2225138944","2225139199"
"2225139200","2225139711"
"2225139712","2225143807"
"2325970944","2325970984"
"2325970985","2325970985"
"2325970986","2325971199"
"2325999616","2325999871"
"2378047488","2378047743"
"2381250560","2381316095"
"2525577216","2525578239"
"2525578240","2525578495"
"2525578496","2525585407"
"2611642368","2611642623"
"2704769024","2704777215"
"2725724260","2725724260"
"2784493568","2784556799"
"2784556800","2784557055"
"2784557056","2784559103"
"2793013248","2793015295"
"2793015296","2793017343"
"2793017344","2793019391"
"2793019392","2793025535"
"2793025536","2793027583"
"2793027584","2793029631"
"2793029632","2793031679"
"2793031680","2793033471"
"2793033472","2793033727"
"2793033728","2793037823"
"2793037824","2793038335"
"2793038336","2793038591"
"2793038592","2793039871"
"2793039872","2793054207"
"2793054208","2793055231"
"2793055232","2793078783"
"2815950848","2815983615"
"2825453568","2825464831"
"2825464832","2825465087"
"2825465088","2825482239"
"2825482240","2825482495"
"2825482496","2825482527"
"2825482528","2825482543"
"2825482544","2825482751"
"2825482752","2825483775"
"2825483776","2825484287"
"2825484288","2825484799"
"2825484800","2825485055"
"2825485056","2825486335"
"2825486336","2825510911"
"2825510912","2825511935"
"2825511936","2825512959"
"2825512960","2825513471"
"2825513472","2825513727"
"2825513728","2825515007"
"2825515008","2825517055"
"2825517056","2825517567"
"2825517568","2825518335"
"2825518336","2825518591"
"2825518592","2825519103"
"2832719872","2832720127"
"2832720384","2832720639"
"2832720704","2832720719"
"2832720896","2832721151"
"2832721152","2832721311"
"2832721312","2832721343"
"2832721344","2832721407"
"2832721920","2832722175"
"2832722432","2832723455"
"2832723712","2832723775"
"2832723776","2832723807"
"2905415680","2905415935"
"2915451392","2915451647"
"2915451904","2915452159"
"2915452160","2915452415"
"2915452416","2915452671"
"2915452672","2915452927"
"2915452928","2915453183"
"2915453184","2915453439"
"2915453440","2915453695"
"2915453696","2915453951"
"2915453952","2915454207"
"2915454208","2915454380"
"2915454381","2915454381"
"2915454382","2915454463"
"2915454464","2915454719"
"2915454976","2915455231"
"2915455488","2915455743"
"2915455744","2915455999"
"2915456000","2915456255"
"2915456256","2915456511"
"2915456768","2915457023"
"2915457792","2915458047"
"2915766352","2915766367"
"2915766592","2915766623"
"2915767280","2915767287"
"2915769224","2915769231"
"2915774304","2915774335"
"2915795136","2915795151"
"2915802952","2915802959"
"2915803832","2915803839"
"2915805032","2915805039"
"2915807968","2915807975"
"2915946496","2915946751"
"2922332160","2922332415"
"2922332416","2922332671"
"2922332672","2922332927"
"2922332928","2922333439"
"2922333440","2922333695"
"2922333696","2922333951"
"2922333952","2922336255"
"2928622752","2928622767"
"2928624832","2928624839"
"2928631600","2928631607"
"2928632432","2928632439"
"2928632824","2928632831"
"2928649920","2928649927"
"2928665632","2928665663"
"3090160640","3090161151"
"3090161152","3090161663"
"3090178048","3090178175"
"3090180224","3090180351"
"3090180352","3090180479"
"3090183168","3090183231"
"3090184704","3090184767"
"3090188288","3090190335"
"3090213632","3090213759"
"3090224928","3090225151"
"3090267904","3090268159"
"3090273620","3090273623"
"3090273624","3090273627"
"3090273628","3090273631"
"3090273632","3090273635"
"3090273636","3090273639"
"3090273640","3090273643"
"3223205120","3223205375"
"3223214848","3223215103"
"3223217152","3223217407"
"3223220480","3223220735"
"3223222784","3223223039"
"3223245056","3223245311"
"3223556352","3223556607"
"3224379904","3224380159"
"3224792320","3224792575"
"3225728768","3225729023"
"3225734912","3225735167"
"3225746688","3225746943"
"3227851264","3227851519"
"3228045568","3228045823"
"3228446464","3228446719"
"3230289920","3230290175"
"3230871040","3230871295"
"3233657600","3233657855"
"3234568960","3234569215"
"3234752512","3234752767"
"3235941888","3235942143"
"3236385536","3236385791"
"3324644352","3324644607"
"3326345384","3326345391"
"3326360576","3326360831"
"3326361344","3326361599"
"3326487552","3326488063"
"3326490464","3326490471"
"3326956032","3326956543"
"3327093760","3327094783"
"3327330816","3327331071"
"3328436736","3328437247"
"3330730496","3330730751"
"3330797568","3330797823"
"3331123712","3331124991"
"3331630592","3331630847"
"3331839232","3331839487"
"3331978752","3331979007"
"3331979520","3331979775"
"3333588992","3333589247"
"3333680128","3333680383"
"3333720064","3333720319"
"3333744640","3333744895"
"3334071040","3334071295"
"3334965248","3334965503"
"3335032320","3335032575"
"3335067392","3335067647"
"3335846400","3335846655"
"3338231040","3338231295"
"3338936320","3338944511"
"3339672576","3339672731"
"3339672732","3339672735"
"3339672736","3339672736"
"3339672737","3339672737"
"3339672738","3339672742"
"3339672743","3339672743"
"3339672744","3339672751"
"3339672752","3339672831"
"3339672832","3339673599"
"3340925352","3340925359"
"3343172704","3343172711"
"3343186944","3343187967"
"3343558656","3343558911"
"3344472832","3344473087"
"3344531456","3344531711"
"3344552192","3344552447"
"3346262016","3346264063"
"3346372096","3346372221"
"3346372222","3346372222"
"3346372223","3346372267"
"3346372268","3346372271"
"3346372272","3346372279"
"3346372280","3346372287"
"3346372288","3346372298"
"3346372299","3346372299"
"3346372300","3346372323"
"3346372324","3346372325"
"3346372326","3346372367"
"3346372368","3346372383"
"3346372384","3346372419"
"3346372420","3346372421"
"3346372422","3346372607"
"3347049472","3347050495"
"3349413888","3349415935"
"3350528000","3350530047"
"3350551552","3350552575"
"3350582016","3350582783"
"3351121920","3351124863"
"3351124864","3351124878"
"3351124879","3351126015"
"3351155200","3351156479"
"3351417600","3351417855"
"3351900160","3351900415"
"3352080384","3352082431"
"3355301376","3355308031"
"3355308032","3355308287"
"3355347456","3355347711"
"3355347968","3355348223"
"3355355392","3355355647"
"3423346152","3423346175"
"3423363880","3423363887"
"3423531008","3423531263"
"3423531264","3423531519"
"3423531520","3423531535"
"3423531536","3423531775"
"3423531776","3423532031"
"3423598880","3423598895"
"3424356864","3424357119"
"3424358144","3424358399"
"3426656512","3426656767"
"3426715648","3426715903"
"3426715904","3426716159"
"3426716160","3426716671"
"3426716672","3426717695"
"3427833088","3427833343"
"3428290560","3428290815"
"3428480768","3428481791"
"3428744448","3428744703"
"3428746240","3428746495"
"3428773888","3428775935"
"3429585408","3429585663"
"3429625088","3429625343"
"3430458880","3430459135"
"3430792704","3430792959"
"3430992896","3430993151"
"3431105024","3431105279"
"3431111168","3431111423"
"3431111424","3431111679"
"3431111680","3431111935"
"3432016128","3432016383"
"3432120064","3432120319"
"3432522240","3432522751"
"3432543232","3432543743"
"3436206080","3436208127"
"3436208128","3436216319"
"3436314624","3436330751"
"3436331008","3436339199"
"3436339200","3436339455"
"3436339456","3436340223"
"3436340224","3436340479"
"3436340480","3436340735"
"3436340736","3436340991"
"3436340992","3436341247"
"3436341248","3436341759"
"3436341760","3436342271"
"3436342272","3436342783"
"3436342784","3436343295"
"3436343296","3436343551"
"3436343552","3436343807"
"3436343808","3436345087"
"3436345088","3436345343"
"3436345344","3436345599"
"3436345600","3436345855"
"3436345856","3436346111"
"3436346112","3436346367"
"3436346368","3436346623"
"3436346624","3436346879"
"3436346880","3436347135"
"3436347136","3436347391"
"3436592904","3436592911"
"3436599552","3436599807"
"3436613312","3436613375"
"3436690432","3436690439"
"3437800056","3437800063"
"3437800096","3437800103"
"3437802112","3437802119"
"3438158592","3438158847"
"3438173184","3438173439"
"3438193408","3438193663"
"3438925312","3438925567"
"3448827904","3448831999"
"3449118720","3449118735"
"3449118736","3449118751"
"3449118752","3449118783"
"3449118784","3449118799"
"3449118800","3449118832"
"3449118833","3449118846"
"3449118847","3449118927"
"3449118928","3449118943"
"3449118944","3449118959"
"3449118960","3449119041"
"3449119042","3449119070"
"3449119071","3449119328"
"3449119329","3449119358"
"3449119359","3449119360"
"3449119361","3449119384"
"3449119385","3449119391"
"3449119392","3449119423"
"3449119424","3449119583"
"3449119584","3449119615"
"3449119616","3449119647"
"3449119648","3449122367"
"3449122368","3449122383"
"3449122384","3449122559"
"3449124096","3449126399"
"3449126400","3449126655"
"3449126656","3449126911"
"3449766656","3449766911"
"3449795328","3449795583"
"3450210816","3450211071"
"3450260480","3450260991"
"3450267904","3450268159"
"3450272000","3450272255"
"3450333184","3450333695"
"3450533088","3450533095"
"3450601472","3450602495"
"3450605568","3450605670"
"3450605672","3450605823"
"3450605824","3450606079"
"3450606080","3450606111"
"3450606112","3450606143"
"3450606144","3450606159"
"3450606160","3450606175"
"3450606176","3450606207"
"3450606208","3450606463"
"3450606464","3450606471"
"3450606472","3450606479"
"3450606480","3450606503"
"3450606504","3450606511"
"3450606512","3450606527"
"3450606528","3450606559"
"3450606560","3450606575"
"3450606576","3450606591"
"3453476864","3453477375"
"3453477888","3453478143"
"3453478656","3453478783"
"3455125504","3455125759"
"3455131648","3455131903"
"3455139200","3455139327"
"3455260160","3455260415"
"3455323520","3455323551"
"3455330312","3455330319"
"3455377408","3455377663"
"3455404920","3455404927"
"3455408928","3455408943"
"3460022784","3460023295"
"3460024320","3460024831"
"3461537248","3461537279"
"3461942272","3461942527"
"3461967360","3461967615"
"3462000640","3462000895"
"3462188544","3462188799"
"3462247936","3462248191"
"3462260736","3462260991"
"3462282240","3462282495"
"3464364032","3464368127"
"3464486912","3464491007"
"3464491008","3464492031"
"3464492032","3464493055"
"3464493056","3464494079"
"3464494080","3464494335"
"3464494336","3464495103"
"3468926976","3468934143"
"3468934144","3468934399"
"3468934400","3468935167"
"3469035520","3469035775"
"3469070848","3469071103"
"3470184711","3470184714"
"3471248992","3471248999"
"3473041408","3473042943"
"3473042944","3473043455"
"3474459648","3474459903"
"3474640896","3474641663"
"3474641664","3474641919"
"3474641920","3474642175"
"3474642176","3474642191"
"3474642192","3474642207"
"3474642208","3474642383"
"3474642384","3474642399"
"3474642400","3474642415"
"3474642416","3474642687"
"3474642688","3474642943"
"3474643968","3474644223"
"3474644224","3474644479"
"3474644480","3474644735"
"3474651136","3474651646"
"3474651647","3474651647"
"3474651648","3474653183"
"3475566592","3475566847"
"3475589120","3475589375"
"3475622144","3475622399"
"3475692800","3475693055"
"3475809462","3475809469"
"3475985616","3475985623"
"3476312576","3476313087"
"3479304536","3479304543"
"3480075008","3480075263"
"3480075776","3480076031"
"3480470272","3480470527"
"3480477280","3480477311"
"3484388864","3484389375"
"3484389888","3484390143"
"3484390144","3484390399"
"3484390400","3484391423"
"3484391424","3484391679"
"3484391680","3484391935"
"3484392960","3484393215"
"3484402944","3484403199"
"3484405248","3484405503"
"3484407296","3484409343"
"3484613696","3484613703"
"3484613728","3484613735"
"3486056448","3486056959"
"3486057728","3486058239"
"3486059264","3486059519"
"3486060032","3486060287"
"3486060800","3486061055"
"3486064128","3486064383"
"3486066432","3486066687"
"3486067712","3486068735"
"3486072576","3486072831"
"3487542432","3487542463"
"3489679360","3489679615"
"3489750016","3489751039"
"3489830016","3489830143"
"3489841408","3489841663"
"3489874176","3489874431"
"3490039952","3490039967"
"3490188416","3490188543"
"3490232832","3490233087"
"3490280704","3490280959"
"3490530560","3490530815"
"3490654520","3490654527"
"3490761984","3490762239"
"3491350016","3491350271"
"3491395328","3491395583"
"3491505920","3491506175"
"3491558112","3491558143"
"3492011264","3492011519"
"3493951488","3493952511"
"3494228464","3494228479"
"3494560768","3494561791"
"3495004672","3495004927"
"3495293632","3495293647"
"3496435712","3496439807"
"3496869888","3496870655"
"3496870656","3496870911"
"3496870912","3496871167"
"3496871168","3496873983"
"3506130208","3506130215"
"3507243848","3507243855"
"3508781008","3508781023"
"3509149696","3509149951"
"3509149968","3509150207"
"3509150216","3509150463"
"3509150488","3509150719"
"3509150744","3509151743"
"3511683712","3511683775"
"3512020624","3512020639"
"3515917248","3515917279"
"3516138752","3516139007"
"3516141312","3516141567"
"3516392456","3516392463"
"3516392640","3516392703"
"3516393600","3516393727"
"3516395904","3516396031"
"3516397312","3516397375"
"3516397760","3516397823"
"3516952832","3516953087"
"3517839324","3517839343"
"3518075536","3518075543"
"3520088928","3520088935"
"3520410880","3520411135"
"3522280896","3522280927"
"3591385088","3591385343"
"3624896896","3624896959"
"3625433392","3625433407"
"3625434464","3625434495"
"3625885696","3625889535"
"3625889536","3625889791"
"3626987296","3626987327"
"3627478016","3627478207"
"3627478208","3627478239"
"3627478240","3627478271"
"3627478528","3627478783"
"3628170208","3628170223"
"3629327560","3629327567"
"3632291712","3632291727"
"3633310056","3633310063"
"3633310104","3633310111"
"3633310168","3633310175"
"3633310240","3633310247"
"3635120032","3635120039"
"3635463168","3635463423"
"3635657728","3635658239"
"3636577376","3636577407"
"3637149712","3637149727"
"3638882304","3638886399"
"3639287808","3639288063"
"3639288064","3639288319"
"3639288320","3639288575"
"3639288576","3639288591"
"3639288592","3639288636"
"3639288637","3639288639"
"3639288640","3639288703"
"3639288704","3639288767"
"3639288768","3639288783"
"3639288784","3639288799"
"3639288800","3639288815"
"3639288816","3639288831"
"3639288832","3639289087"
"3639289088","3639289103"
"3639289104","3639289119"
"3639289120","3639289135"
"3639289136","3639289151"
"3639289152","3639289215"
"3639289216","3639289279"
"3639289280","3639289311"
"3639289312","3639289335"
"3639289336","3639289871"
"3639289872","3639289887"
"3639289888","3639289919"
"3639289920","3639289983"
"3639289984","3639289999"
"3639290000","3639290015"
"3639290016","3639290031"
"3639290032","3639290079"
"3639290080","3639290095"
"3639290096","3639290127"
"3639290128","3639290143"
"3639290144","3639290175"
"3639290176","3639290239"
"3639290240","3639290303"
"3639290304","3639290359"
"3639290360","3639290367"
"3639290368","3639290623"
"3639290624","3639290879"
"3639290880","3639291135"
"3639291136","3639291647"
"3639291648","3639291903"
"3639291904","3639292927"
"3639292928","3639294207"
"3639294208","3639294463"
"3639294464","3639294975"
"3639294976","3639295503"
"3639295504","3639295519"
"3639295520","3639295551"
"3639295552","3639295615"
"3639295616","3639295711"
"3639295712","3639295727"
"3639295728","3639295736"
"3639295737","3639295775"
"3639295776","3639295807"
"3639295808","3639295871"
"3639295872","3639295967"
"3639295968","3639295983"
"3639295984","3639295999"
