"78917632","78919167"
"78919424","78921471"
"78921472","78921727"
"201859840","201860095"
"201984736","201984767"
"202192032","202192047"
"202196480","202196735"
"202196736","202197503"
"202197504","202197759"
"202198784","202199039"
"202564992","202565119"
"202812416","202813439"
"203002240","203002367"
"203002744","203002751"
"203002752","203002759"
"203003504","203003519"
"203003720","203003727"
"203163648","203163679"
"203163680","203163695"
"203163696","203163903"
"203164736","203164799"
"203165648","203165655"
"203334344","203334351"
"203334352","203334359"
"203334360","203334367"
"203334400","203334463"
"203334896","203334911"
"203913144","203913151"
"203957760","203958271"
"203958432","203958439"
"203958928","203958943"
"203959264","203959295"
"203959576","203959583"
"204670848","204670855"
"204808624","204808631"
"204809496","204809503"
"204811368","204811375"
"206004576","206004583"
"206005376","206005407"
"206005808","206005815"
"206006016","206006143"
"206006200","206006207"
"207733192","207733199"
"208247424","208247431"
"208247552","208247807"
"208438048","208438079"
"208438176","208438207"
"208439592","208439599"
"208439616","208439679"
"208439712","208439727"
"208441952","208441983"
"208442024","208442031"
"208442376","208442383"
"208443200","208443231"
"208443680","208443687"
"208443840","208443871"
"208626400","208626407"
"208627248","208627255"
"208627280","208627287"
"208627440","208627447"
"210051424","210051431"
"210052168","210052175"
"210052680","210052687"
"210052720","210052735"
"210052736","210052767"
"210052864","210053119"
"211053312","211053567"
"211392512","211392519"
"211432704","211432719"
"211433952","211433983"
"211434400","211434431"
"211434432","211434463"
"211559416","211559423"
"211628056","211628063"
"211714352","211714359"
"211714752","211714767"
"211715072","211715583"
"211715584","211716095"
"211717120","211717375"
"211717464","211717471"
"211717792","211717799"
"211717920","211717935"
"211718016","211718143"
"211719032","211719039"
"211719168","211720191"
"212036352","212036607"
"212036616","212036623"
"212036784","212036791"
"212037120","212037375"
"212037376","212037376"
"212037377","212037377"
"212037378","212037407"
"212037408","212037436"
"212037437","212037437"
"212037438","212037439"
"212037440","212037455"
"212037456","212037459"
"212037460","212037503"
"212037504","212037631"
"212120592","212120599"
"212287896","212287903"
"212288368","212288375"
"212288384","212288511"
"212289808","212289815"
"212289816","212289823"
"212289872","212289879"
"212350528","212350535"
"212439552","212440063"
"212441216","212441231"
"212442672","212442679"
"212548192","212548207"
"212597520","212597535"
"212597560","212597567"
"212758752","212758759"
"212762112","212762367"
"213099520","213099775"
"213219432","213219439"
"213219456","213219583"
"213219840","213220351"
"213220896","213220903"
"213503008","213503015"
"213503024","213503039"
"213503104","213503167"
"213579496","213579503"
"213580784","213580799"
"213593008","213593015"
"213594112","213595135"
"213595392","213595647"
"213935360","213935615"
"213948568","213948575"
"213948752","213948759"
"213948760","213948767"
"213948768","213948775"
"213948776","213948799"
"213948928","213949183"
"214198760","214198767"
"214199552","214199567"
"214199680","214199711"
"214199752","214199759"
"214274864","214274879"
"214294216","214294223"
"214370392","214370399"
"214371176","214371183"
"214371216","214371231"
"214371280","214371311"
"214371968","214371975"
"214372000","214372015"
"214372072","214372079"
"214402904","214402911"
"214483512","214483519"
"214487200","214487215"
"214487224","214487231"
"214487288","214487295"
"214487680","214487807"
"214487808","214488063"
"214606208","214606271"
"214607616","214607871"
"215029696","215029703"
"215043824","215043831"
"215043848","215043855"
"215048336","215048343"
"215049760","215049767"
"215058040","215058047"
"215089296","215089303"
"216380416","216380671"
"216380672","216381439"
"216381696","216381711"
"216381744","216381830"
"216381831","216381831"
"216381832","216381895"
"216381904","216381951"
"216381952","216382079"
"216382080","216382207"
"216382296","216382303"
"216382928","216382943"
"216382968","216382975"
"216413128","216413135"
"216413696","216413823"
"216609248","216609279"
"216609680","216609695"
"216609712","216609727"
"216610304","216610319"
"216645760","216645791"
"216645792","216645823"
"216700000","216700015"
"216700224","216700231"
"216844336","216844343"
"216845472","216845479"
"216845592","216845599"
"216845712","216845727"
"216858704","216858711"
"216858736","216858743"
"217004064","217004095"
"217004136","217004143"
"217005184","217005311"
"217005616","217005631"
"217005824","217005935"
"217005936","217005951"
"217005952","217006079"
"217046672","217046679"
"410261248","410261503"
"410289408","410289663"
"410289664","410290175"
"410362880","410363135"
"410380032","410380287"
"410459904","410460159"
"410486016","410486271"
"410498816","410499071"
"410514688","410514943"
"410802944","410803199"
"418964480","418964735"
"418964736","418965247"
"418965248","418965503"
"418986496","418986751"
"418987776","418988031"
"418998784","418999039"
"419004928","419005183"
"419400704","419400959"
"419405824","419406079"
"419406080","419406335"
"419406336","419406591"
"419406592","419406975"
"419406976","419407103"
"419407104","419408127"
"419408128","419408639"
"419408640","419408895"
"419408896","419409151"
"419409152","419409791"
"419409792","419410175"
"419410176","419410303"
"419410304","419410431"
"419410432","419410687"
"419410688","419411199"
"419411200","419411327"
"419411328","419411967"
"419411968","419412223"
"419412224","419412351"
"419412352","419412479"
"419412480","419412607"
"419412608","419412991"
"419412992","419413247"
"419413248","419413503"
"419413504","419413759"
"419413760","419413887"
"419413888","419414015"
"419414016","419415039"
"419418112","419418367"
"419418368","419418495"
"419418496","419418623"
"419418624","419418751"
"419418752","419419647"
"419419648","419419775"
"419419776","419419903"
"419419904","419420159"
"419420160","419421183"
"419421184","419421439"
"419421440","419421695"
"419421696","419422207"
"419422208","419422335"
"419422336","419422463"
"419422464","419422719"
"419422720","419423231"
"419423232","419423487"
"419423488","419423743"
"419423744","419423999"
"419424000","419424255"
"419424256","419424767"
"419424768","419425023"
"419425024","419425151"
"419425152","419425279"
"419425280","419425407"
"419425408","419425535"
"419425536","419425663"
"419425664","419425791"
"419425792","419427071"
"419427072","419427327"
"419427328","419427583"
"419427584","419427839"
"419427840","419428095"
"419428096","419428351"
"419428352","419428607"
"419428608","419428863"
"419428864","419428991"
"419428992","419429119"
"419429120","419429375"
"419429376","419429631"
"419429632","419429887"
"419429888","419430143"
"419430144","419430399"
"774162694","774162698"
"1058215936","1058216959"
"1061963744","1061963751"
"1061965024","1061965031"
"1062002688","1062003711"
"1062005568","1062005599"
"1062011360","1062011375"
"1062027568","1062027575"
"1062043648","1062043903"
"1062064992","1062065007"
"1062094080","1062094335"
"1062192880","1062192895"
"1062201400","1062201407"
"1062201800","1062201807"
"1064143232","1064143295"
"1064362304","1064362335"
"1065027024","1065027039"
"1067473616","1067473631"
"1067487488","1067487743"
"1067572224","1067572735"
"1067688456","1067688463"
"1067698944","1067699199"
"1067725568","1067725823"
"1067773184","1067773311"
"1068107008","1068107263"
"1068134400","1068134655"
"1068171784","1068171791"
"1068366592","1068366847"
"1072255456","1072255463"
"1073056768","1073057023"
"1073057280","1073057375"
"1073057376","1073057407"
"1073057408","1073057535"
"1073057792","1073058047"
"1073062912","1073062975"
"1073062976","1073062977"
"1073062978","1073062979"
"1073062980","1073062981"
"1073062982","1073063039"
"1073063040","1073063103"
"1073063104","1073063167"
"1073063424","1073063935"
"1073063936","1073064063"
"1073064064","1073064127"
"1073064128","1073064191"
"1073065472","1073065727"
"1073067008","1073067263"
"1073068288","1073068311"
"1073068312","1073068319"
"1073068320","1073068479"
"1073629928","1073629935"
"1074163712","1074164612"
"1074164614","1074166783"
"1074166784","1074167295"
"1074167296","1074167551"
"1074167552","1074167807"
"1074167808","1074168063"
"1074168064","1074168319"
"1074168576","1074168831"
"1074169344","1074169504"
"1074169505","1074169534"
"1074169535","1074169856"
"1074169857","1074170111"
"1074170112","1074170623"
"1074170624","1074170879"
"1074170880","1074175999"
"1076756224","1076756479"
"1077011520","1077011527"
"1077936358","1077936361"
"1081833616","1081833623"
"1081833888","1081833895"
"1083484152","1083484159"
"1083486224","1083486231"
"1083489808","1083489823"
"1083490048","1083490303"
"1086382336","1086382591"
"1086514944","1086515967"
"1086903296","1086903551"
"1087922176","1087922303"
"1087922304","1087922431"
"1087922432","1087922687"
"1087922720","1087922751"
"1087924992","1087925247"
"1087925248","1087925503"
"1087925504","1087925759"
"1087926016","1087926271"
"1088036696","1088036703"
"1088953672","1088953679"
"1089023576","1089023583"
"1089023616","1089023631"
"1089023680","1089023687"
"1089034616","1089034623"
"1089034744","1089034751"
"1089400320","1089400575"
"1089508832","1089508863"
"1090401792","1090402303"
"1090402304","1090402559"
"1090403840","1090404095"
"1091575424","1091575455"
"1091575920","1091575935"
"1091579088","1091579103"
"1091579168","1091579183"
"1091579520","1091579535"
"1091579616","1091579631"
"1091580000","1091580031"
"1091580832","1091580847"
"1091580896","1091580927"
"1091580992","1091580999"
"1091581328","1091581335"
"1091581344","1091581351"
"1091581872","1091581879"
"1091590240","1091590247"
"1091591104","1091591135"
"1091591368","1091591375"
"1091591392","1091591399"
"1091591536","1091591543"
"1091591704","1091591711"
"1091591896","1091591903"
"1091592024","1091592031"
"1091592136","1091592143"
"1091662384","1091662391"
"1091662496","1091662503"
"1094758400","1094758719"
"1094758720","1094758735"
"1094758736","1094758847"
"1094758848","1094758879"
"1094758880","1094758911"
"1094759504","1094759511"
"1094759520","1094759527"
"1094759560","1094759567"
"1094759568","1094759575"
"1094759592","1094759599"
"1094759624","1094759631"
"1094759648","1094759655"
"1094759720","1094759727"
"1094759760","1094759767"
"1094759816","1094759823"
"1094759824","1094759831"
"1094759848","1094759855"
"1094759856","1094759863"
"1094760032","1094760039"
"1094760224","1094760231"
"1094760376","1094760383"
"1094760704","1094760735"
"1094760736","1094760767"
"1094760784","1094760799"
"1094760800","1094760807"
"1094760808","1094760815"
"1094760816","1094760831"
"1094760832","1094760871"
"1094761088","1094761215"
"1094761600","1094761727"
"1094762240","1094762495"
"1094864936","1094864943"
"1094865376","1094865383"
"1095000192","1095000223"
"1095000224","1095000255"
"1095000320","1095000447"
"1095000448","1095000455"
"1095000456","1095000463"
"1095000464","1095000479"
"1095000480","1095000511"
"1095000560","1095000567"
"1095001088","1095001599"
"1095001600","1095001855"
"1095001856","1095002111"
"1095100928","1095101183"
"1095101184","1095101439"
"1095101912","1095101919"
"1095101968","1095101975"
"1095102032","1095102039"
"1095102224","1095102231"
"1095102336","1095102367"
"1095102456","1095102463"
"1095213056","1095213311"
"1095214160","1095214167"
"1095214184","1095214191"
"1095214416","1095214423"
"1095214624","1095214639"
"1095215104","1095215359"
"1095215360","1095215615"
"1097925408","1097925423"
"1098131760","1098131767"
"1098132096","1098132127"
"1098134200","1098134207"
"1098148672","1098148703"
"1098149880","1098149887"
"1098217656","1098217663"
"1098236112","1098236119"
"1098277712","1098277719"
"1098280128","1098280143"
"1098424464","1098424479"
"1098590080","1098590207"
"1098616312","1098616319"
"1098616320","1098616575"
"1098657152","1098657167"
"1098665136","1098665143"
"1098705920","1098706175"
"1101122784","1101122791"
"1101281792","1101282047"
"1101282048","1101282303"
"1101298688","1101299199"
"1101515584","1101515615"
"1101577344","1101577407"
"1101831776","1101831807"
"1101837824","1101838335"
"1101840872","1101840879"
"1101896704","1101896959"
"1103544128","1103544143"
"1104068352","1104068359"
"1104214784","1104215039"
"1104654848","1104654975"
"1105044360","1105044367"
"1106332160","1106332415"
"1106612224","1106612735"
"1106615808","1106616063"
"1109906816","1109906943"
"1111522864","1111522871"
"1114469376","1114469887"
"1114470144","1114470399"
"1116273056","1116273063"
"1116273728","1116273743"
"1116369944","1116369951"
"1116434688","1116434751"
"1116434752","1116434759"
"1116434768","1116434783"
"1116434784","1116434799"
"1116434800","1116434807"
"1116434808","1116434815"
"1116435456","1116435583"
"1116435688","1116435695"
"1116435968","1116436223"
"1116436288","1116436295"
"1116436304","1116436319"
"1116436320","1116436335"
"1116436336","1116436343"
"1116436344","1116436351"
"1116436384","1116436415"
"1116436448","1116436479"
"1116436992","1116437247"
"1116437504","1116438527"
"1116656128","1116656383"
"1116656384","1116656639"
"1116656640","1116656895"
"1116656896","1116657151"
"1116657408","1116657663"
"1116659456","1116659711"
"1120964976","1120964983"
"1120964984","1120964991"
"1120965000","1120965007"
"1120965008","1120965015"
"1120965016","1120965023"
"1120965024","1120965031"
"1120965032","1120965039"
"1120965040","1120965047"
"1120965048","1120965055"
"1120965056","1120965063"
"1120965088","1120965119"
"1121300480","1121301247"
"1121301376","1121301503"
"1121301760","1121302015"
"1121302528","1121303551"
"1121303552","1121303807"
"1121303808","1121304575"
"1127544832","1127545087"
"1128071168","1128071935"
"1128071936","1128072191"
"1128134144","1128134655"
"1128251904","1128252159"
"1128262784","1128262791"
"1128262800","1128262807"
"1128262816","1128262823"
"1128262824","1128262831"
"1128262832","1128262839"
"1128262840","1128262847"
"1132523272","1132523279"
"1132655792","1132655799"
"1132690176","1132690191"
"1132702616","1132702623"
"1132772224","1132772255"
"1132808192","1132808703"
"1132960688","1132960695"
"1132961384","1132961391"
"1132961592","1132961599"
"1136658776","1136658783"
"1138431744","1138431999"
"1138572544","1138572799"
"1139761152","1139761407"
"1139762176","1139762431"
"1139762688","1139762943"
"1139762944","1139763199"
"1139764224","1139764479"
"1139764480","1139764735"
"1139766272","1139766527"
"1139766784","1139767039"
"1139767040","1139767295"
"1139767552","1139767807"
"1139768320","1139768575"
"1139768576","1139768831"
"1139768832","1139769343"
"1145177280","1145177287"
"1145344000","1145344255"
"1145344256","1145344511"
"1145344512","1145344767"
"1145344768","1145345023"
"1145345024","1145345535"
"1145345536","1145345759"
"1145345776","1145345791"
"1145346048","1145346303"
"1145346560","1145348095"
"1146853376","1146853631"
"1146854080","1146854087"
"1146854144","1146854399"
"1146917352","1146917359"
"1146994688","1146994943"
"1146995200","1146995711"
"1146995864","1146995871"
"1147095296","1147095551"
"1147095608","1147095615"
"1147095728","1147095735"
"1147106304","1147107071"
"1147580416","1147580927"
"1147581440","1147581567"
"1147581568","1147581695"
"1147581696","1147581951"
"1147584000","1147584127"
"1147584128","1147584255"
"1147584256","1147584511"
"1147596800","1147597823"
"1147604992","1147605503"
"1147605504","1147605759"
"1147605760","1147605887"
"1147605888","1147606015"
"1147606016","1147606143"
"1147606144","1147606271"
"1147606272","1147606527"
"1147606528","1147606655"
"1147606656","1147606783"
"1147606784","1147607039"
"1147613184","1147613439"
"1147613440","1147613695"
"1147613696","1147613951"
"1147613952","1147614207"
"1147614208","1147614847"
"1147614848","1147614975"
"1147614976","1147615231"
"1147621376","1147622399"
"1147622400","1147622655"
"1147622656","1147623423"
"1147631616","1147631871"
"1147631872","1147632639"
"1147637760","1147638015"
"1147638016","1147638271"
"1147638272","1147638783"
"1147645952","1147646079"
"1147646080","1147646207"
"1147646208","1147646463"
"1147646464","1147646719"
"1147646720","1147646975"
"1147646976","1147647231"
"1147647232","1147647487"
"1147647488","1147647615"
"1147647616","1147647743"
"1147647744","1147647871"
"1147647872","1147647999"
"1147648000","1147648127"
"1147648128","1147648255"
"1147648256","1147648383"
"1147648384","1147648511"
"1147648768","1147649023"
"1147649024","1147650047"
"1147650048","1147650303"
"1147650304","1147650559"
"1147651584","1147651711"
"1147651712","1147651839"
"1147651840","1147651967"
"1147651968","1147652095"
"1147652096","1147652223"
"1147652224","1147652351"
"1147652352","1147652607"
"1147652608","1147653119"
"1147655168","1147655423"
"1147655424","1147655679"
"1147657728","1147657983"
"1147657984","1147658239"
"1147658240","1147658367"
"1147658368","1147658751"
"1147658752","1147658879"
"1147658880","1147659007"
"1147659008","1147659263"
"1147659264","1147659519"
"1147659776","1147660287"
"1147663360","1147663615"
"1147663616","1147663871"
"1147663872","1147663999"
"1147664000","1147664127"
"1147664128","1147664383"
"1148151808","1148152063"
"1152102400","1152106495"
"1156210688","1156211711"
"1156211712","1156212223"
"1156212224","1156212479"
"1156212480","1156212735"
"1156212736","1156213247"
"1156213248","1156213503"
"1156213504","1156213759"
"1156213760","1156214271"
"1156214272","1156214527"
"1156214528","1156214783"
"1156214784","1156215039"
"1156215040","1156215295"
"1156215296","1156215551"
"1156215552","1156215807"
"1156215808","1156216063"
"1156216064","1156216319"
"1156216320","1156216831"
"1156216832","1156217087"
"1156217088","1156217855"
"1156217856","1156218879"
"1158866176","1158866431"
"1158866432","1158866459"
"1158866460","1158866463"
"1158866464","1158866687"
"1158866688","1158866751"
"1158866752","1158866815"
"1158866816","1158866943"
"1158867456","1158867583"
"1158869312","1158869367"
"1158869372","1158869375"
"1158872064","1158873087"
"1158946016","1158946023"
"1159103488","1159103743"
"1159659080","1159659087"
"1160689532","1160689571"
"1160690350","1160690361"
"1160690363","1160690381"
"1160690387","1160690415"
"1160690952","1160690959"
"1160691012","1160691027"
"1160916224","1160916479"
"1161123376","1161123383"
"1162202624","1162202879"
"1162312704","1162313215"
"1162676736","1162686463"
"1162686976","1162687487"
"1162687488","1162687999"
"1162688000","1162688511"
"1162688512","1162698751"
"1162698752","1162699007"
"1162699008","1162700799"
"1162701824","1162706943"
"1163693312","1163693567"
"1167419328","1167419359"
"1167425536","1167426047"
"1167427584","1167427839"
"1167427888","1167427903"
"1167428096","1167428351"
"1167428352","1167428607"
"1167429888","1167429895"
"1167430032","1167430039"
"1167430144","1167430207"
"1167430656","1167430911"
"1167431168","1167431423"
"1167431680","1167431935"
"1167431936","1167432191"
"1167432192","1167432447"
"1167432448","1167432703"
"1167453184","1167453439"
"1167497216","1167497471"
"1167539008","1167539039"
"1167555136","1167555167"
"1167844352","1167844607"
"1170395136","1170399231"
"1175273472","1175275519"
"1182916864","1182917119"
"1182917120","1182917375"
"1182917376","1182917631"
"1182918144","1182918399"
"1183176704","1183177215"
"1183177216","1183177727"
"1183177984","1183178495"
"1183178496","1183178751"
"1183240192","1183240447"
"1183240448","1183240703"
"1183240960","1183241215"
"1185202176","1185202431"
"1185342464","1185342975"
"1185343488","1185343743"
"1185344000","1185344255"
"1185344256","1185344511"
"1185344768","1185345535"
"1185360896","1185361151"
"1185362432","1185362943"
"1185443840","1185444607"
"1185444608","1185444863"
"1185445376","1185445631"
"1185445632","1185445887"
"1185449984","1185450239"
"1185450240","1185450495"
"1185450496","1185451007"
"1185451008","1185451263"
"1185512448","1185512703"
"1186168832","1186169983"
"1186169984","1186170623"
"1186170624","1186170879"
"1186170880","1186171135"
"1186171136","1186171263"
"1186171264","1186171647"
"1186171648","1186171903"
"1186171904","1186172159"
"1186172160","1186173695"
"1186173696","1186174207"
"1186174208","1186174463"
"1186174464","1186174719"
"1186174720","1186174975"
"1186174976","1186175231"
"1186175232","1186175487"
"1186175488","1186175999"
"1186176000","1186176255"
"1186176256","1186177023"
"1186177024","1186177279"
"1186177280","1186177791"
"1186177792","1186178047"
"1186178048","1186178303"
"1186178304","1186182143"
"1186182144","1186182399"
"1186182400","1186183167"
"1186183424","1186184191"
"1186184192","1186184447"
"1186184448","1186201599"
"1186432000","1186432015"
"1186521088","1186521855"
"1186521856","1186522111"
"1186522112","1186522239"
"1186522240","1186522367"
"1186522368","1186522623"
"1186523136","1186523391"
"1186523392","1186523519"
"1186524160","1186524415"
"1186524416","1186524671"
"1186524672","1186525183"
"1190129664","1190129791"
"1190129792","1190129823"
"1190129824","1190129839"
"1190129840","1190129855"
"1190129856","1190129863"
"1190129872","1190129903"
"1190130048","1190130055"
"1190130056","1190130063"
"1190130064","1190130079"
"1190130112","1190130143"
"1190130144","1190130151"
"1190130152","1190130159"
"1190130160","1190130167"
"1190130688","1190130815"
"1190131456","1190131711"
"1190390784","1190391807"
"1190964736","1190964863"
"1190964864","1190964895"
"1190964896","1190964911"
"1190965120","1190965247"
"1191100416","1191100671"
"1201448976","1201448991"
"1201449088","1201449215"
"1201449216","1201449279"
"1201449280","1201449311"
"1201449312","1201449471"
"1209533696","1209533951"
"1209567488","1209567999"
"1209570560","1209570815"
"1209583616","1209583871"
"1209584384","1209584639"
"1210073144","1210073151"
"1210081368","1210081375"
"1210090256","1210090271"
"1218768456","1218768463"
"1218863776","1218863783"
"1218879024","1218879031"
"1221234688","1221234943"
"1221234944","1221235199"
"1221235200","1221235711"
"1221235712","1221235967"
"1221235968","1221236095"
"1221236096","1221236223"
"1221236224","1221236479"
"1221236480","1221236735"
"1221452800","1221452927"
"1221452928","1221453055"
"1221453056","1221453183"
"1221453184","1221453311"
"1221703680","1221703935"
"1221703936","1221704063"
"1221704064","1221704191"
"1221704192","1221704447"
"1221704448","1221704703"
"1221704704","1221704959"
"1221704960","1221705215"
"1221705216","1221705471"
"1221705472","1221705599"
"1221705600","1221705727"
"1241892992","1241893119"
"1241893120","1241893183"
"1241893208","1241893215"
"1241893248","1241893255"
"1241893256","1241893263"
"1241893272","1241893279"
"1241893296","1241893303"
"1241893376","1241893631"
"1241893888","1241893951"
"1249229230","1249229230"
"1254916096","1254916779"
"1254916781","1254916927"
"1254916928","1254916935"
"1254916936","1254916943"
"1254916944","1254916991"
"1254916992","1254918399"
"1254918400","1254918655"
"1254918656","1254919039"
"1254919040","1254919044"
"1254919045","1254919045"
"1254919046","1254919071"
"1254919072","1254919103"
"1254919104","1254919119"
"1254919120","1254919711"
"1254919712","1254919727"
"1254919729","1254919743"
"1254919744","1254922239"
"1254964368","1254964375"
"1254971160","1254971167"
"1254978984","1254978991"
"1256058656","1256058663"
"1259475200","1259475455"
"1259475456","1259475711"
"1259477504","1259477511"
"1259477536","1259477543"
"1259477552","1259477567"
"1259477568","1259477583"
"1259477584","1259477591"
"1259477592","1259477607"
"1259477632","1259477759"
"1259477760","1259478015"
"1260880128","1260880383"
"1260880384","1260880639"
"1260880640","1260880895"
"1260881920","1260882431"
"1260882432","1260882943"
"1260883200","1260883455"
"1260988032","1260988095"
"1265331712","1265332223"
"1275528192","1275528447"
"1275528448","1275528703"
"1275528960","1275529215"
"1275532288","1275532543"
"1275532800","1275533055"
"1275533312","1275533567"
"1275534080","1275534335"
"1275534592","1275534847"
"1275576320","1275576575"
"1275576832","1275576959"
"1275577344","1275577599"
"1275579904","1275580159"
"1275580160","1275580415"
"1275580416","1275580671"
"1275581184","1275581439"
"1275581440","1275581951"
"1275581952","1275582207"
"1275582208","1275582463"
"1275584768","1275585023"
"1275585024","1275585279"
"1275585280","1275585535"
"1275585536","1275585791"
"1275585792","1275586047"
"1275586048","1275586175"
"1275586176","1275586303"
"1275586304","1275586559"
"1275586560","1275586815"
"1275586816","1275586943"
"1275587072","1275587327"
"1275587584","1275587839"
"1275587840","1275588095"
"1275588096","1275588351"
"1275588352","1275588607"
"1275588608","1275588863"
"1275589632","1275590655"
"1275590656","1275590911"
"1275590912","1275591167"
"1275591168","1275591679"
"1280043552","1280043559"
"1280047992","1280047999"
"1280167936","1280168191"
"1280168192","1280168223"
"1280168224","1280168319"
"1280168320","1280168383"
"1280168384","1280168703"
"1280168704","1280168934"
"1280168935","1280168935"
"1280168936","1280169023"
"1280169024","1280169024"
"1280169025","1280169087"
"1280169120","1280169167"
"1280169168","1280169183"
"1280169184","1280169343"
"1280169344","1280169389"
"1280169390","1280169390"
"1280169391","1280169471"
"1280169472","1280169535"
"1280169728","1280169983"
"1280169984","1280170111"
"1280170112","1280170175"
"1280170176","1280170239"
"1280170240","1280170495"
"1280170496","1280170751"
"1280170752","1280171007"
"1280171008","1280171135"
"1280171264","1280172031"
"1291515904","1291516415"
"1291516672","1291517183"
"1291517184","1291517439"
"1291517440","1291517695"
"1613546408","1613546415"
"1631601920","1631602175"
"1631609856","1631610879"
"1639645184","1639661567"
"1639702528","1639702783"
"1639702784","1639706623"
"1639708672","1639710719"
"1652639936","1652639951"
"1653493760","1653493823"
"1654922240","1654922495"
"1654922496","1654923007"
"1654923008","1654923263"
"1655468288","1655468543"
"1655471616","1655472127"
"1656501760","1656502015"
"1662922752","1662923007"
"1662923264","1662923519"
"1665708544","1665708799"
"1665716224","1665716735"
"1665716736","1665717247"
"1665717248","1665717759"
"1665717760","1665718271"
"1665876992","1665877247"
"1665877248","1665877503"
"1667915776","1667919871"
"1667921920","1667922687"
"1667922688","1667922943"
"1667922944","1667923967"
"1669910528","1669910783"
"1669910784","1669911039"
"1669911880","1669911887"
"1669911896","1669911903"
"1669911912","1669911919"
"1670848512","1670848767"
"1670849536","1670849791"
"1671063552","1671064063"
"1671064064","1671064319"
"1671733248","1671733503"
"1671733504","1671733759"
"1671733760","1671734271"
"1671734272","1671734783"
"1671734784","1671735295"
"1672049920","1672050175"
"1672695040","1672695295"
"1672701952","1672703999"
"1672706048","1672706559"
"1672706560","1672706815"
"1672706816","1672707071"
"1672707072","1672707327"
"1672707328","1672707583"
"1672707584","1672707839"
"1672707840","1672708095"
"1673525400","1673525407"
"1673526528","1673526783"
"1673908224","1673908735"
"1673908992","1673909247"
"1673909760","1673910271"
"1817192960","1817193215"
"2172780544","2172846079"
"2221014016","2221015039"
"2329067520","2329068031"
"2329068288","2329068543"
"2329068544","2329068799"
"2329068800","2329069055"
"2329069056","2329069567"
"2329069568","2329069823"
"2329069824","2329070079"
"2329070080","2329070591"
"2329071104","2329071359"
"2329072896","2329073151"
"2329073152","2329073407"
"2329073664","2329074175"
"2329074176","2329074431"
"2329074688","2329074943"
"2329075072","2329075199"
"2329075200","2329075455"
"2329075456","2329075711"
"2329075712","2329075967"
"2329077248","2329077503"
"2329077504","2329077759"
"2329078272","2329078527"
"2329078528","2329078783"
"2329078784","2329079295"
"2329082112","2329082367"
"2329083392","2329083647"
"2330329088","2330392575"
"2404761600","2404761840"
"2404761841","2404761841"
"2404761842","2404761842"
"2404761843","2404763647"
"2404839424","2404843519"
"2558724356","2558724356"
"2666987520","2667053055"
"2758870016","2758871039"
"2758871040","2758873087"
"2758875136","2758875647"
"2758879232","2758880255"
"2758893568","2758897663"
"2781413376","2781421567"
"2781421824","2781428479"
"2781428736","2781431295"
"2781431296","2781431551"
"2781431552","2781432831"
"2781432832","2781433087"
"2781433088","2781437951"
"2781437952","2781441535"
"2781441536","2781441791"
"2781441792","2781448191"
"2781448192","2781448703"
"2781448704","2781449215"
"2781449216","2781449727"
"2781449728","2781449983"
"2781449984","2781450239"
"2781450240","2781454335"
"2781462528","2781478911"
"2903509760","2903510015"
"2903525376","2903525631"
"2903525632","2903525887"
"2903525888","2903526143"
"2903526144","2903526399"
"2903538688","2903538943"
"2903538944","2903539199"
"2903539456","2903539711"
"2909880320","2909882367"
"2909887488","2909888511"
"2912681984","2912688127"
"2912688128","2912690175"
"2912719360","2912720127"
"2912720128","2912720383"
"2912720384","2912720895"
"2912854016","2912862207"
"2917993472","2917993983"
"2918002944","2918003199"
"2918441440","2918441455"
"2918444992","2918445023"
"2923861504","2923861759"
"2923862016","2923863039"
"2923863040","2923864063"
"2923864064","2923865599"
"2923865600","2923866111"
"2923868160","2923872255"
"2924329984","2924330751"
"2924330752","2924331007"
"2928238592","2928239103"
"2928239104","2928239615"
"2928239616","2928239871"
"2928239872","2928240639"
"2928240640","2928240895"
"2928240896","2928241151"
"2928241152","2928241951"
"2928241952","2928241967"
"2928241968","2928242175"
"2928242176","2928242207"
"2928242208","2928242239"
"2928242240","2928242431"
"2928242432","2928242687"
"2928270000","2928270007"
"2928270064","2928270071"
"2928270608","2928270615"
"2928274920","2928274927"
"2928639720","2928639727"
"2929686528","2929688575"
"3090234112","3090234239"
"3090271948","3090271951"
"3090271964","3090271967"
"3223281920","3223282175"
"3228041472","3228041727"
"3230283008","3230283263"
"3231667712","3231667967"
"3233776384","3233776639"
"3237716224","3237716479"
"3324677632","3324677887"
"3324691456","3324691711"
"3326516288","3326516295"
"3326516304","3326516319"
"3333680640","3333680895"
"3333852160","3333852415"
"3337831680","3337831935"
"3338141696","3338149887"
"3338152448","3338152703"
"3338153984","3338155007"
"3338155008","3338155263"
"3338163200","3338163711"
"3338165760","3338166271"
"3338175488","3338176511"
"3338405888","3338407935"
"3338715392","3338716159"
"3338716672","3338717183"
"3338718208","3338718719"
"3338718976","3338719231"
"3338914816","3338915071"
"3343067648","3343067903"
"3343178752","3343179775"
"3346375616","3346375647"
"3346589440","3346589695"
"3350560768","3350561023"
"3351302144","3351303167"
"3351840768","3351842815"
"3353590016","3353590271"
"3355297792","3355298815"
"3427620352","3427620607"
"3427629056","3427629311"
"3428851456","3428851711"
"3430468880","3430468887"
"3431256320","3431256831"
"3432015104","3432015359"
"3432159232","3432159487"
"3432271360","3432271615"
"3432691712","3432693759"
"3434598400","3434600447"
"3439107856","3439107871"
"3439107888","3439107903"
"3449088512","3449088767"
"3450066368","3450066431"
"3451841280","3451841535"
"3453415424","3453416447"
"3453416448","3453416959"
"3453417728","3453417983"
"3453418240","3453418495"
"3453419008","3453419263"
"3453419264","3453419519"
"3455097872","3455097887"
"3455134144","3455134175"
"3461982208","3461982463"
"3462172160","3462172415"
"3462245376","3462245631"
"3462980128","3462980135"
"3466632192","3466632447"
"3466737920","3466738175"
"3477232384","3477232384"
"3483343200","3483343215"
"3489790976","3489790983"
"3490099200","3490103295"
"3490703872","3490704383"
"3490732480","3490732487"
"3490861056","3490862079"
"3491554960","3491554967"
"3491574016","3491574271"
"3491585024","3491585279"
"3491714976","3491715007"
"3491904256","3491904263"
"3491939328","3491939359"
"3491939360","3491939391"
"3491939392","3491939583"
"3492595224","3492595231"
"3494008832","3494008879"
"3494008880","3494008887"
"3494008888","3494009087"
"3494180864","3494181631"
"3494181888","3494182911"
"3495607296","3495608319"
"3495733248","3495733759"
"3495733760","3495734015"
"3495734016","3495734143"
"3495734144","3495734175"
"3496887168","3496887295"
"3496888736","3496888751"
"3499489280","3499489535"
"3502028800","3502029343"
"3502029344","3502029375"
"3502029440","3502029567"
"3502029568","3502030079"
"3502030144","3502030847"
"3502071848","3502071855"
"3502071872","3502071879"
"3502071880","3502071887"
"3502071896","3502071903"
"3502071952","3502071959"
"3502071968","3502071999"
"3502072144","3502072151"
"3502072512","3502072543"
"3502072704","3502072735"
"3502072800","3502072807"
"3502073600","3502073855"
"3502075456","3502075487"
"3502075488","3502075495"
"3502075520","3502075551"
"3502075552","3502075567"
"3502075568","3502075575"
"3502075584","3502075599"
"3502075608","3502075615"
"3502075616","3502075647"
"3502102528","3502103039"
"3502103040","3502103551"
"3502103552","3502104575"
"3502187160","3502187167"
"3502187264","3502187295"
"3502187328","3502187391"
"3502187392","3502187423"
"3502187424","3502187519"
"3502187904","3502188031"
"3502188288","3502188543"
"3502188560","3502188567"
"3502188608","3502188615"
"3502188616","3502188623"
"3502188624","3502188639"
"3502188640","3502188647"
"3502188648","3502188655"
"3502188656","3502188663"
"3502188664","3502188671"
"3502188672","3502188679"
"3502188688","3502188695"
"3502188696","3502188703"
"3502188752","3502188759"
"3502188760","3502188767"
"3502188840","3502188847"
"3502188848","3502188855"
"3502188872","3502188879"
"3502188896","3502188927"
"3502188992","3502188999"
"3502189016","3502189023"
"3502189128","3502189135"
"3502189176","3502189183"
"3502189184","3502189191"
"3502189192","3502189199"
"3502189224","3502189231"
"3502189264","3502189271"
"3502189280","3502189287"
"3502189304","3502189319"
"3502189320","3502189327"
"3502189336","3502189343"
"3502189344","3502189351"
"3502189368","3502189383"
"3502189416","3502189423"
"3502189480","3502189487"
"3502189496","3502189503"
"3502189520","3502189527"
"3504559936","3504559943"
"3504947432","3504947439"
"3505186752","3505186767"
"3505218560","3505218567"
"3505900736","3505900799"
"3506236720","3506236727"
"3506236824","3506236831"
"3506252864","3506252879"
"3509337600","3509337727"
"3517427712","3517427727"
"3520022072","3520022079"
"3520028704","3520028711"
"3520032304","3520032311"
"3520815872","3520816127"
"3591235584","3591235839"
"3626529184","3626529191"
"3626531640","3626531647"
"3628056704","3628056831"
"3628060096","3628060103"
"3628751360","3628751871"
"3629890464","3629890495"
"3633569792","3633570815"
"3633570816","3633573119"
"3633573120","3633573375"
"3633573376","3633573887"
"3635124608","3635124671"
"3635927552","3635927807"
"3637773976","3637773983"
"3637774000","3637774007"
"3637774008","3637774015"
"3637774080","3637774087"
"3637774200","3637774207"
"3637774224","3637774231"
"3637775872","3637775879"
"3637775880","3637775887"
"3637775928","3637775935"
"3637775984","3637775991"
"3637776000","3637776007"
"3637776336","3637776343"
"3637779792","3637779799"
"3637779872","3637779879"
"3637780320","3637780335"
"3637780352","3637780367"
"3637782784","3637782791"
"3637782856","3637782863"
"3637782952","3637782959"
"3637782984","3637782991"
"3637783624","3637783631"
"3637783648","3637783655"
"3637783664","3637783671"
"3637783752","3637783759"
"3637784552","3637784559"
"3637788448","3637788455"
"3637789808","3637789823"
"3637797568","3637797575"
"3637797744","3637797751"
"3637797776","3637797783"
"3637797792","3637797799"
"3637797808","3637797815"
"3637797840","3637797847"
"3637799184","3637799191"
"3637799200","3637799207"
"3637799392","3637799399"
"3637799512","3637799519"
"3637799624","3637799631"
"3637800456","3637800463"
"3638777088","3638777343"
